gerichteten	adj	gerichtet	directed	направленный
Trave-Fluss	n	der Trave-Fluss	Trave River	Траве-река
Ostsee-Bucht	n	die Ostsee-Bucht	Baltic Bay	Балтийский залив
Tischler-	n	der Tischler	carpenter	плотник
Ofensetzer-Arbeiten	n	die Ofensetzer-Arbeiten	tiling work	каменка-работа
Romanow-Dynastie	n	die Romanow-Dynastie	Romanov Dynasty	Династия Романовых
Zentral-Europa	n	das Zentral-Europa	Central Europe	Центральная Европа
West-Europas	n	das West-Europa	Western Europe	Западная Европа
Massen-Ausreise	n	die Massen-Ausreise	mass exodus	массовая эмиграция
Minister-Grundlage	n	die Minister-Grundlage	ministerial foundation	министерское основание
Heu-Ernte	n	die Heu-Ernte	hay harvest	сенокос
Wolga-Niederung	n	die Wolga-Niederung	Volga lowland	Волжская низменность
Schwarzmeer-Steppen	n	die Schwarzmeer-Steppen	Black Sea steppes	Черноморские степи
Zentral-Russland	n	das Zentral-Russland	Central Russia	Центральная Россия
Kron-Kolonien	n	die Kron-Kolonien	Crown colonies	Коронные колонии
Neu-Saratow	n	das Neu-Saratow	New Saratov	Новый Саратов
Süd-Osten	n	der Süd-Osten	Southeast	Юго-восток
Kalmücken-Pferde	n	die Kalmücken-Pferde	Kalmyk horses	Калмыцкие лошади
u	conj	u	and	и
Erd-	n	die Erde	earth	земля
Lehm-Hütten	n	die Lehm-Hütten	clay huts	глиняные хижины
Gemeinde-Ländereien	n	die Gemeinde-Ländereien	communal lands	общинные земли
Amtsbezirks-Offizier	n	der Amtsbezirks-Offizier	district officer	районный офицер
Balten-Deutschen	n	die Balten-Deutschen	Baltic Germans	Балтийские немцы
Fieber-Epidemie	n	die Fieber-Epidemie	fever epidemic	лихорадка-эпидемия
Massen-Charakter	n	der Massen-Charakter	mass character	массовый характер
Nomaden-Horde	n	die Nomaden-Horde	nomadic horde	кочевая орда
Nomaden-Trupps	n	die Nomaden-Trupps	nomadic troops	кочевые отряды
Pugatschow-Armee	n	die Pugatschow-Armee	Pugachev's Army	Армия Пугачева
Folgejahre	n	die Folgejahre	subsequent years	следующие годы
Yorkshire-Schweine	n	die Yorkshire-Schweine	Yorkshire pigs	йоркширские свиньи
Tabak-	n	der Tabak	tobacco	табак
Wasser-	n	das Wasser	water	вода
Baden-Württemberg	name	Baden-Württemberg	Baden-Württemberg	Баден-Вюртемберг
Amts-	n	das Amt	office	ведомство
Amtsbezirks-	n	der Amtsbezirk	district	районный округ
Mittelasien-Forscher	n	der Mittelasien-Forscher	Central Asia researcher	исследователь Средней Азии
Kron-	n	die Krone	crown	корона
Landkreis-Polizisten	n	die Landkreis-Polizisten	county police	районная полиция
Boden-	n	der Boden	ground	почва
Erpressungs-	n	die Erpressung	extortion	вымогательство
Kron-Bauern	n	die Kron-Bauern	Crown peasants	Коронные крестьяне
Nord-Kaukasus	n	der Nord-Kaukasus	North Caucasus	Северный Кавказ
Berg-	n	der Berg	mountain	гора
Wolga-Steppen	n	die Wolga-Steppen	Volga steppes	Волжские степи
Russland-Deutschen	n	die Russland-Deutschen	Russians Germans	Русские немцы
Zarinnen-Herrschaft	n	die Zarinnen-Herrschaft	tsarina's rule	правление царицы
Umsiedler-Gruppe	n	die Umsiedler-Gruppe	resettlement group	переселенческая группа
Kreis-Selbstverwaltung	n	die Kreis-Selbstverwaltung	district self-government	районное самоуправление
Landkreis-Regierungen	n	die Landkreis-Regierungen	county governments	районные правительства
Siedler-	n	der Siedler	settler	поселенец
Massen-Migration	n	die Massen-Migration	mass migration	массовая миграция
West-Sibiriens	n	das West-Sibirien	Western Siberia	Западная Сибирь
Massen-Deportation	n	die Massen-Deportation	mass deportation	массовая депортация
Knochen-Tuberkulose	n	die Knochen-Tuberkulose	bone tuberculosis	туберкулез костей
G	name	G	G	Г
Tschernyschewsky-Universität	n	die Tschernyschewsky-Universität	Chernyshevsky University	Университет Чернышевского
Einzimmer-Wohnung	n	die Einzimmer-Wohnung	one-room apartment	однокомнатная квартира
Ein-Zimmer-Wohnung	n	die Ein-Zimmer-Wohnung	one-room apartment	однокомнатная квартира
Sokolowa-Berg	n	der Sokolowa-Berg	Sokolova Hill	Гора Соколова
Fabrik-Charakter	n	der Fabrik-Charakter	factory character	фабричный характер
Mehl-Anlegestellen	n	die Mehl-Anlegestellen	flour docks	мучные причалы
Sennaja-Platz	n	der Sennaja-Platz	Sennaya Square	Площадь Сенная
Rjasan-Ural-Eisenbahnlinie	n	die Rjasan-Ural-Eisenbahnlinie	Ryazan-Ural railway	Рязанско-Уральская железная дорога
Moskowskaja-Straße	n	die Moskowskaja-Straße	Moscow Street	Московская улица
Handels-	n	der Handel	trade	торговля
Chlebnaja-Platz	n	der Chlebnaja-Platz	Khlebnaya Square	Площадь Хлебная
Basar-Atmosphäre	n	die Basar-Atmosphäre	bazaar atmosphere	атмосфера базара
römisch-katholischen	adj	römisch-katholisch	Roman Catholic	римско-католический
Familien-Tradition	n	die Familien-Tradition	family tradition	семейная традиция
Mädchen-Gymnasium	n	das Mädchen-Gymnasium	girls' gymnasium	женская гимназия
Gymnasitscheskaja-	adj	gymnasial	gymnasium-related	гимназический
Prijutskaja-Straße	n	die Prijutskaja-Straße	Prijutskaya Street	Приютская улица
Weißzeug-Näherin	n	die Weißzeug-Näherin	linen seamstress	белошвейная швея
RUSchD-Verwaltung	n	die RUSchD-Verwaltung	RUShD administration	администрация РУШд
Nicht-Staatsangehörige	n	die Nicht-Staatsangehörige	non-citizens	неграждане
Rjasan-Ural-	n	der Rjasan-Ural	Ryazan-Ural	Рязанско-Уральский
Eisenbahn-Verwaltung	n	die Eisenbahn-Verwaltung	railway administration	железнодорожная администрация
Mädchen-Album	n	das Mädchen-Album	girls' album	девичий альбом
Siebenjahres-Zeitraum	n	der Siebenjahres-Zeitraum	seven-year period	семилетний период
Zarizynsker-Straße	n	die Zarizynsker-Straße	Tsaritsyn Street	Царицынская улица
Streitigkeiten	n	die Streitigkeiten	disputes	споры
Oktjabrskij-Straße	n	die Oktjabrskij-Straße	October Street	Октябрьская улица
Berg-Straße	n	die Berg-Straße	Mountain Street	Горная улица
Erna-	name	Erna	Erna	Эрна
Stalin-Epoche	n	die Stalin-Epoche	Stalin era	сталинская эпоха
Johannisbeer-	n	die Johannisbeere	currant	смородина
Kirsch-	n	die Kirsche	cherry	вишня
drei-viermal	adv	drei-viermal	three to four times	три-четыре раза
Agrar-Reform	n	die Agrar-Reform	agrarian reform	аграрная реформа
Mittel-Asien	n	das Mittel-Asien	Central Asia	Средняя Азия
Wolga-Ländereien	n	die Wolga-Ländereien	Volga lands	Волжские земли
Süd-Russlands	n	das Süd-Russland	Southern Russia	Южная Россия
Februar-Revolution	n	die Februar-Revolution	February Revolution	Февральская революция
Chramzowa-Gymnasium	n	das Chramzowa-Gymnasium	Khramzova Gymnasium	Гимназия Храмцова
Henriette-Charlotta	name	Henriette-Charlotta	Henriette-Charlotta	Генриетта-Шарлотта
bürgerlich-demokratischen	adj	bürgerlich-demokratisch	bourgeois-democratic	буржуазно-демократический
Typhus-Erkrankungen	n	die Typhus-Erkrankungen	typhus cases	брюшнотифозные заболевания
Brenn-	n	der Brenn	burning	горение
Soldaten-Siedlung	n	die Soldaten-Siedlung	soldier settlement	солдатское поселение
Stadt-Duma	n	die Stadt-Duma	City Duma	городская дума
Gouvernements-Kommissars	n	der Gouvernements-Kommissar	provincial commissioner	губернский комиссар
Kriegs-Revolutions-Komitees	n	die Kriegs-Revolutions-Komitees	war-revolutionary committees	военно-революционные комитеты
Duma-Gebäudes	n	das Duma-Gebäude	Duma building	здание думы
Rats-Anhänger	n	der Rats-Anhänger	council supporter	сторонник совета
Gouvernements-Kommissar	n	der Gouvernements-Kommissar	provincial commissioner	губернский комиссар
Dima-Gebäude	n	das Dima-Gebäude	Dima building	здание Димы
Sokolow-Berg	n	der Sokolow-Berg	Sokolov Hill	гора Соколова
Duma-Verteidiger	n	der Duma-Verteidiger	Duma defender	защитник думы
Duma-Gebäude	n	das Duma-Gebäude	Duma building	здание думы
Stolypin-Reform	n	die Stolypin-Reform	Stolypin Reforms	столыпинская реформа
Sozialisten-Vereinigung	n	die Sozialisten-Vereinigung	socialist union	объединение социалистов
Räte-Kongress	n	der Räte-Kongress	Soviet Congress	съезд советов
Brest-Litowsk	name	Brest-Litowsk	Brest-Litovsk	Брест-Литовск
Wolga-Ufer	n	das Wolga-Ufer	Volga bank	волжский берег
Denikin-Leuten	n	die Denikin-Leute	Denikin's troops	войска Деникина
Nahrungsmittel-Politik	n	die Nahrungsmittel-Politik	food policy	продовольственная политика
Ural-Regionen	n	die Ural-Regionen	Ural regions	уральские регионы
Millionen-Bevölkerung	n	die Millionen-Bevölkerung	million population	миллионное население
Holländer-Öfen	n	die Holländer-Öfen	Dutch ovens	голландские печи
Sobinow-Konservatorium	n	das Sobinow-Konservatorium	Sobinov Conservatory	консерватория Собинова
Klavier-Klasse	n	die Klavier-Klasse	piano class	класс фортепиано
Nahrungsmittel-	n	das Nahrungsmittel	food	продовольствие
Kleingewerbe-Industrie	n	die Kleingewerbe-Industrie	small-scale industry	мелкая промышленность
Gold-Gehalt	n	der Gold-Gehalt	gold content	содержание золота
Rubel-Münze	n	die Rubel-Münze	ruble coin	рублевая монета
US-Dollar	n	der US-Dollar	US dollar	доллар США
Speck-Fabrik	n	die Speck-Fabrik	lard factory	сальная фабрика
Kredit-	n	der Kredit	credit	кредит
Handwerker-Industrie	n	die Handwerker-Industrie	artisan industry	кустарная промышленность
Untergrund-Millionären	n	die Untergrund-Millionären	underground millionaires	подпольные миллионеры
Industrie-Zeitung	n	die Industrie-Zeitung	industry newspaper	промышленная газета
Tschassowaja-Straße	n	die Tschassowaja-Straße	Chasovaya Street	Часовая улица
Zwischensaison-Mantel	n	der Zwischensaison-Mantel	off-season coat	межсезонное пальто
Literatur-Abteilung	n	die Literatur-Abteilung	literature department	литературный отдел
Apfel-Griebsch	n	die Apfel-Griebsch	apple pomace	яблочная выжимка
drei-vier	num	drei-vier	three to four	три-четыре
Küken-Schwänzchen	n	das Küken-Schwänzchen	chick tail	хвостик цыпленка
Auskleide-Aktionen	n	die Auskleide-Aktionen	undressing actions	раздевающие действия
Morgen-	n	der Morgen	morning	утро
Feld-Spirituskocher	n	der Feld-Spirituskocher	field spirit stove	полевая спиртовка
Eisenbahner-Krankenhaus	n	das Eisenbahner-Krankenhaus	railway hospital	железнодорожная больница
Ärzte-Konsilium	n	das Ärzte-Konsilium	doctors' consultation	врачебный консилиум
Februar-März	n	der Februar-März	February-March	февраль-март
Massen-Entkulakisierung	n	die Massen-Entkulakisierung	mass dekulakization	массовая раскулачивание
Creme-Füllung	n	die Creme-Füllung	cream filling	кремовая начинка
Jagodna-Poljansker	name	Jagodna-Poljansker	Jagodna-Polyansky	Ягодное-Поляндское
Abschluss-Konzerts	n	das Abschluss-Konzert	graduation concert	концерт окончания
Schweineleder-Stiefeln	n	die Schweineleder-Stiefeln	pigskin boots	свиная кожа сапоги
Gefängnis-Kanzleien	n	die Gefängnis-Kanzleien	prison chancelleries	тюремные канцелярии
Untersuchungs-Isolations-Gefängnis	n	das Untersuchungs-Isolations-Gefängnis	investigation isolation prison	следственно-изоляционная тюрьма
Massen-Kollektivierung	n	die Massen-Kollektivierung	mass collectivization	массовая коллективизация
Drei-Ähren-Gesetz	n	das Drei-Ähren-Gesetz	Law of Three Ears	закон трех колосьев
Süd-Urals	n	der Süd-Ural	Southern Urals	Южный Урал
Schwarzmeer-Region	n	die Schwarzmeer-Region	Black Sea region	Черноморский регион
batterie-	n	die Batterie	battery	батарея
Nipkow-Scheibe	n	die Nipkow-Scheibe	Nipkow disc	диск Нипкова
x	name	x	x	х
Ebonit-Platte	n	die Ebonit-Platte	ebonite plate	эбонитовая пластина
Zwei-Röhren-Rundfunkempfänger	n	der Zwei-Röhren-Rundfunkempfänger	two-tube radio receiver	двухтрубный радиоприемник
Bett-Ecke	n	die Bett-Ecke	bed corner	угол кровати
Gelb-	adj	gelb	yellow	желтый
Ruf-Signal	n	das Ruf-Signal	call signal	сигнал вызова
Kommoden-Schubladen	n	die Kommoden-Schubladen	chest drawers	ящики комода
Boule-de-Neige-Rosen	n	die Boule-de-Neige-Rosen	snowball roses	розы Бульдо-Неж
Boule-de-Neige-Rose	n	die Boule-de-Neige-Rose	snowball rose	роза Бульдо-Неж
Garten-Variante	n	die Garten-Variante	garden variety	садовый вариант
grell-weißer	adj	grell-weiß	garish-white	ярко-белый
Honig-	n	der Honig	honey	мед
Moll-Note	n	die Moll-Note	minor note	минорная нота
Wolga-Dialekt	n	der Wolga-Dialekt	Volga dialect	волжский диалект
Liege-Waggon	n	der Liege-Waggon	sleeping car	спальный вагон
Kilometer-Markierungen	n	die Kilometer-Markierungen	kilometer markings	километровые метки
August-Bebel-Straße	n	die August-Bebel-Straße	August Bebel Street	улица Августа Бебеля
Karl-Marx-Straße	n	die Karl-Marx-Straße	Karl Marx Street	улица Карла Маркса
Bett-Füße	n	die Bett-Füße	bed feet	ножки кровати
Lermontow-Straße	n	die Lermontow-Straße	Lermontov Street	улица Лермонтова
Karl-Marx-	n	der Karl-Marx	Karl Marx	Карл Маркс
Creme-Soda	n	die Creme-Soda	cream soda	сливочная сода
Lenin-Straße	n	die Lenin-Straße	Lenin Street	улица Ленина
Sahne-Eis	n	das Sahne-Eis	cream ice	сливочное мороженое
Sahne-Eismasse	n	die Sahne-Eismasse	cream ice mass	сливочная ледяная масса
Apfel-	n	der Apfel	apple	яблоко
Birnen-Sirup	n	der Birnen-Sirup	pear syrup	грушевый сироп
Apotheker-Genauigkeit	n	die Apotheker-Genauigkeit	pharmacist accuracy	аптечная точность
zwei-	num	zwei	two	два
Uchto-Petschorsker	adj	Uchto-Petshorsky	Ukhta-Pechora	Ухто-Печорский
Stadt-	n	die Stadt	city	город
Eisenbahner-Schule	n	die Eisenbahner-Schule	railway school	железнодорожная школа
trotzkistisch-sinowjewschen	adj	trotzkistisch-sinowjewsch	Trotskyist-Zinovievist	троцкистско-зиновьевский
parallel-	adj	parallel	parallel	параллельный
antisowjetisch-trotzkistischen	adj	antisowjetisch-trotzkistisch	anti-Soviet Trotskyist	антисоветско-троцкистский
Gramofon-Röhren	n	die Gramofon-Röhren	gramophone tubes	трубки граммофона
NKWD-Organen	n	das NKWD-Organ	NKVD body	органы НКВД
Mathematik-Lehrerin	n	die Mathematik-Lehrerin	math teacher	учительница математики
Geschichts-	n	die Geschichte	history	история
Schul-Fußballmannschaft	n	die Schul-Fußballmannschaft	school football team	школьная футбольная команда
Schul-Schachclubs	n	die Schul-Schachclubs	school chess clubs	школьные шахматные клубы
Krieg-Spielen	n	das Krieg-Spielen	war game	военная игра
Frauen-Strand	n	der Frauen-Strand	women's beach	женский пляж
Frauen-Strandes	n	der Frauen-Strand	women's beach	женский пляж
Großbauern-Familie	n	die Großbauern-Familie	kulak family	семья кулака
Radio-Club	n	der Radio-Club	radio club	радиоклуб
Primus-Kocher	n	der Primus-Kocher	Primus stove	примус
Anti-Komintern-Pakt	n	der Anti-Komintern-Pakt	Anti-Comintern Pact	антикоминтерновский пакт
Franco-Rebellen	n	die Franco-Rebellen	Franco rebels	франкистские мятежники
Memel-Gebiet	n	das Memel-Gebiet	Memel region	область Неман
Foto-	n	das Foto	photo	фото
Spinnen-Hakenkreuz	n	das Spinnen-Hakenkreuz	spider swastika	паук-свастика
saftig-grünes	adj	saftig-grün	lush-green	сочно-зеленый
Pepsi-Cola	n	die Pepsi-Cola	Pepsi-Cola	Пепси-Кола
Zaun-Aufschriften	n	die Zaun-Aufschriften	fence inscriptions	надписи на заборе
Neujahrs-Maskenball	n	der Neujahrs-Maskenball	New Year's masked ball	новогодний маскарадный бал
schneidge	adj	schneidi	smart	нарядный
Teilzeit-Musiklehrer	n	der Teilzeit-Musiklehrer	part-time music teacher	учитель музыки на полставки
Tagebuch-Aufzeichnungen	n	die Tagebuch-Aufzeichnungen	diary entries	дневниковые записи
Lehr-Plakaten	n	das Lehr-Plakat	teaching poster	учебный плакат
Massen-Netzempfänger	n	der Massen-Netzempfänger	mass network receiver	массовый сетевой приемник
SI-	n	das SI	SI	СИ
Arbeiter-	n	der Arbeiter	worker	рабочий
Bauern-Armee	n	die Bauern-Armee	peasant army	крестьянская армия
Staats-	n	der Staat	state	государство
Norm-Abgabe	n	die Norm-Abgabe	quota delivery	нормативное отчисление
West-Ukraine	n	die West-Ukraine	Western Ukraine	Западная Украина
Mathematik-	n	die Mathematik	mathematics	математика
Kerosin-Lampen	n	die Kerosin-Lampen	kerosene lamps	керосиновые лампы
deutsch-polnischen	adj	deutsch-polnisch	German-Polish	немецко-польский
deutsch-faschistischen	adj	deutsch-faschistisch	German-fascist	немецко-фашистский
Nord-Bukowina	n	die Nord-Bukowina	Northern Bukovina	Северная Буковина
Acht-Klassen-Schule	n	die Acht-Klassen-Schule	eight-class school	восьмиклассная школа
Radio-Klub	n	der Radio-Klub	radio club	радиоклуб
Fahrrad-touren	n	die Fahrrad-Tour	bike tour	велосипедный тур
Vor-	prep	vor	before	перед
Mathematik-Kreises	n	der Mathematik-Kreis	mathematics circle	математический кружок
Astronomie-Liebhaber	n	der Astronomie-Liebhaber	astronomy enthusiast	любитель астрономии
Instituts-Radiozentrums	n	das Instituts-Radiozentrum	institute radio center	институтский радиоцентр
Amateur-Auftritt	n	der Amateur-Auftritt	amateur performance	любительское выступление
Tanz-Repertoire	n	das Tanz-Repertoire	dance repertoire	танцевальный репертуар
Jugend-Organisation	n	die Jugend-Organisation	youth organization	молодежная организация
Komsomolzen-Sondertrupp	n	der Komsomolzen-Sondertrupp	Komsomol special unit	комсомольский спецотряд
Komitees-Angehörigen	n	der Komitees-Angehörige	committee member	члены комитета
Komsomol-Büros	n	das Komsomol-Büro	Komsomol office	комсомольский офис
Jugend-Organisationen	n	die Jugend-Organisationen	youth organizations	молодежные организации
Komsomol-Aktivist	n	der Komsomol-Aktivist	Komsomol activist	комсомольский активист
Ost-Chinesischen	adj	ost-chinesisch	East Chinese	восточно-китайский
Miniatur-Kinotheater	n	das Miniatur-Kinotheater	miniature cinema	миниатюрный кинотеатр
Schach-Tischchen	n	das Schach-Tischchen	chess table	шахматный столик
Komsomol-Komitee	n	das Komsomol-Komitee	Komsomol committee	комсомольский комитет
Komitee-Angehörigen	n	der Komitee-Angehörige	committee member	член комитета
Komsomolzen-Abzeichen	n	das Komsomolzen-Abzeichen	Komsomol badge	комсомольский значок
Sklaven-Handel	n	der Sklaven-Handel	slave trade	работорговля
Russland-Deutsche	n	die Russland-Deutsche	Russian German	русский немец
Sowjet-Deutschen	n	die Sowjet-Deutschen	Soviet Germans	советские немцы
NKWD-Trupps	n	die NKWD-Trupps	NKVD units	отряды НКВД
Wolga-Rayons	n	die Wolga-Rayons	Volga districts	волжские районы
Altai-Gebiet	n	das Altai-Gebiet	Altai region	Алтайская область
Wolga-Deutschen	n	die Wolga-Deutschen	Volga Germans	волжские немцы
Kälber-Wagen	n	der Kälber-Wagen	calf cart	телячий фургон
NKWD-Mitarbeiter	n	der NKWD-Mitarbeiter	NKVD employee	сотрудник НКВД
Erd-Hütten	n	die Erd-Hütten	earth huts	земляные хижины
NKWD-Kommandantur	n	die NKWD-Kommandantur	NKVD commandant office	комендатура НКВД
Heeres-Gruppe	n	die Heeres-Gruppe	army group	армейская группа
Lauf-	n	der Lauf	barrel	ствол
Holz-	n	das Holz	wood	древесина
Stahl-Kalorimeter-Glases	n	das Stahl-Kalorimeter-Glas	steel calorimeter glass	стальное калориметрическое стекло
Kalorimeter-Bombe	n	die Kalorimeter-Bombe	calorimeter bomb	калориметрическая бомба
Tensor-Analyse	n	die Tensor-Analyse	tensor analysis	тензорный анализ
Grundlagen-Geometrie	n	die Grundlagen-Geometrie	foundations of geometry	основы геометрии
Astronomie-Plattform	n	die Astronomie-Plattform	astronomy platform	астрономическая платформа
K	name	K	K	К
Donez-Becken	n	das Donez-Becken	Donets basin	Донецкий бассейн
Süd-Westen	n	der Süd-Westen	Southwest	юго-запад
Nord-Osten	n	der Nord-Osten	Northeast	северо-восток
General-Offensive	n	die General-Offensive	general offensive	генеральное наступление
West-	n	der Westen	west	запад
Süd-West-Fronten	n	die Süd-West-Front	southwest front	юго-западный фронт
Stalin-Stipendium	n	das Stalin-Stipendium	Stalin scholarship	сталинская стипендия
Vorort-Schulen	n	die Vorort-Schulen	suburb schools	школы пригорода
T-Form	n	die T-Form	T-shape	форма Т
war's	v	sein	was	было
Trocken-Kammer	n	die Trocken-Kammer	dry chamber	сушильная камера
Gramm-Stück	n	das Gramm-Stück	gram piece	граммовый кусок
NKWD-Dienstgrad	n	der NKWD-Dienstgrad	NKVD rank	звание НКВД
Gefängnis-Bibliothek	n	die Gefängnis-Bibliothek	prison library	тюремная библиотека
traurig-berühmten	adj	traurig-berühmt	sadly-famous	печально-известный
Gruppen-	n	die Gruppe	group	группа
Besserungs-	n	die Besserung	improvement	исправление
Abschirm-Vorrichtungen	n	die Abschirm-Vorrichtung	shielding device	экранирующее устройство
Untersuchungs-Isolationsgefängnis	n	das Untersuchungs-Isolationsgefängnis	investigation isolation prison	следственно-изоляционная тюрьма
Datschen-Haltestelle	n	die Datschen-Haltestelle	dacha stop	остановка дачи
Kommandanten-Sonderlagerstelle	n	die Kommandanten-Sonderlagerstelle	commandant special camp	командирская специальная лагерная ставка
Erdöl-Cracking-Anlagen	n	die Erdöl-Cracking-Anlage	oil cracking plant	нефтяная установка крекинга
Krankenhaus-Küche	n	die Krankenhaus-Küche	hospital kitchen	больничная кухня
Maschinengewehr-Schützen	n	der Maschinengewehr-Schütze	machine gunner	пулеметчик
Lager-	n	das Lager	camp	лагерь
Militär-	n	das Militär	military	военный
Passagier-	n	der Passagier	passenger	пассажир
Arrest-Milieu	n	das Arrest-Milieu	arrest environment	среда ареста
Holzfäller-Lager	n	das Holzfäller-Lager	woodcutter camp	лагерь лесорубов
Arbeits-	n	die Arbeit	work	работа
Regime-Lager	n	das Regime-Lager	regime camp	лагерь режима
Militär-Feldgericht	n	das Militär-Feldgericht	military field court	военно-полевой суд
Kommandanten-Lagerstelle	n	die Kommandanten-Lagerstelle	commandant camp site	командирская лагерная ставка
Sonder-Dekret	n	das Sonder-Dekret	special decree	специальный декрет
Radio-Bauteile	n	die Radio-Bauteile	radio components	радиокомпоненты
Archipel-Lagers	n	das Archipel-Lager	archipelago camp	архипелаг лагерей
Hunger-Rationen	n	die Hunger-Ration	starvation rations	голодные рационы
Papier-	n	das Papier	paper	бумага
Furnier-	n	das Furnier	veneer	шпон
Wohnungsbau-Kombinaten	n	das Wohnungsbau-Kombinat	housing construction combine	жилищно-строительный комбинат
Kommandanten-Lager	n	das Kommandanten-Lager	commandant camp	командирский лагерь
Bau-Nebenlager	n	das Bau-Nebenlager	construction sub-camp	строительный дополнительный лагерь
Holzfäller-OLP	n	die Holzfäller-OLP	woodcutter OLP	лесозаготовительная ОЛП
Stabs-	n	der Stab	headquarters	штаб
Wohn-	n	das Wohnen	housing	жилой
Begleit-	n	die Begleitung	escort	сопровождение
zwei-drei	num	zwei-drei	two to three	два-три
Näh-	n	das Nähen	sewing	шитье
Reparatur-Werkstätten	n	die Reparatur-Werkstätte	repair shop	ремонтная мастерская
Kultur-	n	die Kultur	culture	культура
Erfassungs-	n	die Erfassung	registration	регистрация
Kommandanten-Lagerpunkt	n	der Kommandanten-Lagerpunkt	commandant camp point	командирский лагерный пункт
Quarantäne-Zone	n	die Quarantäne-Zone	quarantine zone	карантинная зона
Haupt-Lagerzone	n	die Haupt-Lagerzone	main camp zone	главная лагерная зона
Holzbeschaffungs-OLP	n	die Holzbeschaffungs-OLP	lumber procurement OLP	лесозаготовительная ОЛП
Zweihand-Säge	n	die Zweihand-Säge	two-man saw	двуручная пила
Lebens-	n	das Leben	life	жизнь
Lager-Weisheit	n	die Lager-Weisheit	camp wisdom	лагерная мудрость
wird's	v	werden	will be	будет
Zweimeter-Baumstamm	n	der Zweimeter-Baumstamm	two-meter log	двухметровое бревно
Brennholz-Bündel	n	das Brennholz-Bündel	firewood bundle	пучок дров
Abend-Norm	n	die Abend-Norm	evening norm	вечерняя норма
Durchzähl-Aktion	n	die Durchzähl-Aktion	roll call action	действие переклички
Wach-Zone	n	die Wach-Zone	guard zone	охранная зона
ein-	num	ein	one	один
deutsch-faschistische	adj	deutsch-faschistisch	German-fascist	немецко-фашистский
Kuban-Gebiet	n	das Kuban-Gebiet	Kuban region	Краснодарский край
AM-	n	das AM	AM	АМ
Sara-Balyk	name	Sara-Balyk	Sara-Balyk	Сара-Балык
Reparatur-	n	die Reparatur	repair	ремонт
Holzfäller-Brigaden	n	die Holzfäller-Brigade	woodcutter brigade	лесозаготовительная бригада
Fünf-Kopeken-Stücks	n	das Fünf-Kopeken-Stück	five-kopeck coin	пятикопеечная монета
Schaffell-Halbmänteln	n	der Schaffell-Halbmantel	sheepskin half-coat	овчинный полупальто
Gramm-Ration	n	die Gramm-Ration	gram ration	граммовый рацион
Lager-Leichenhaus	n	das Lager-Leichenhaus	camp morgue	лагерный морг
Lager-Kantine	n	die Lager-Kantine	camp canteen	лагерная столовая
Ober-Buchhalter	n	der Ober-Buchhalter	chief accountant	старший бухгалтер
Verbrecher-Elite	n	die Verbrecher-Elite	criminal elite	уголовная элита
Verbrecher-Ethik	n	die Verbrecher-Ethik	criminal ethic	уголовная этика
Lager-Außenstelle	n	die Lager-Außenstelle	camp outpost	лагерный филиал
Kalorien-Berechnung	n	die Kalorien-Berechnung	calorie calculation	расчет калорий
Pellagra-	n	die Pellagra	pellagra	пеллагра
Lager-Maß	n	das Lager-Maß	camp measure	лагерная мера
Lager-Kochtopf	n	der Lager-Kochtopf	camp cooking pot	лагерный котел
Kranken-Nahrung	n	die Kranken-Nahrung	sick food	больничное питание
Kohlenmonoxid-Luft	n	die Kohlenmonoxid-Luft	carbon monoxide air	воздух угарного газа
Lager-Maßstäben	n	der Lager-Maßstab	camp standard	лагерный стандарт
Dienst-	n	der Dienst	service	служба
Krankenhaus-Scheiben	n	die Krankenhaus-Scheibe	hospital pane	больничное окно
Kranken-Kontingents	n	das Kranken-Kontingent	sick contingent	больничный контингент
Tannennadel-Sud	n	der Tannennadel-Sud	spruce needle broth	отвар из еловых иголок
fünf-sechs	num	fünf-sechs	five to six	пять-шесть
Energie-Verbrauch	n	der Energie-Verbrauch	energy consumption	потребление энергии
Lager-Stand	n	der Lager-Stand	camp status	состояние лагеря
Lagerdienst-Systems	n	das Lagerdienst-System	camp service system	система лагерной службы
Wäscherei-Arbeiter	n	der Wäscherei-Arbeiter	laundry worker	работник прачечной
Küchen-Mitarbeiter	n	der Küchen-Mitarbeiter	kitchen staff	кухонный персонал
Zivil-Personal	n	das Zivil-Personal	civilian personnel	гражданский персонал
Schuhflechter-Werkstatt	n	die Schuhflechter-Werkstatt	shoe braider workshop	мастерская плетельщика обуви
Bestattungs-Brigade	n	die Bestattungs-Brigade	burial brigade	погребальная бригада
Lager-Tischler	n	der Lager-Tischler	camp carpenter	лагерный плотник
Lager-Stelle	n	die Lager-Stelle	camp site	лагерное место
Lager-Horizont	n	der Lager-Horizont	camp horizon	лагерный горизонт
Holzrücke-Brigade	n	die Holzrücke-Brigade	timber haulage brigade	бригада доставки древесины
Rücke-Distanz	n	die Rücke-Distanz	haulage distance	расстояние доставки
Kur-	n	die Kur	cure	лечение
Prophylaxe-Maßnahmen	n	die Prophylaxe-Maßnahme	preventive measure	профилактическая мера
Prophylaxe-Gesundheitspunkt	n	der Prophylaxe-Gesundheitspunkt	preventive health point	профилактический медпункт
Lagerpunkt-Statistikers	n	der Lagerpunkt-Statistiker	camp point statistician	статистик лагерного пункта
Stabs-Lagerstelle	n	die Stabs-Lagerstelle	headquarters camp site	штабная лагерная ставка
Küchen-Schneidebrette	n	das Küchen-Schneidebrette	kitchen cutting board	кухонная разделочная доска
Bastschuh-Flechten	n	das Bastschuh-Flechten	bast shoe braiding	плетение лаптей
Norm-Sachbearbeitern	n	der Norm-Sachbearbeiter	norm specialist	специалист по норме
Frunse-Militärfachschule	n	die Frunse-Militärfachschule	Frunze Military School	Фрунзенская военная школа
Norm-Sachbearbeiters	n	der Norm-Sachbearbeiter	norm specialist	специалист по норме
Lager-Außenstellen	n	die Lager-Außenstelle	camp outposts	лагерные филиалы
Norm-Sachbearbeiter	n	der Norm-Sachbearbeiter	norm specialist	специалист по норме
Sanitäts-Durchlassstelle	n	die Sanitäts-Durchlassstelle	sanitary checkpoint	санитарно-пропускной пункт
Lagerzonen-Bewohner	n	der Lagerzonen-Bewohner	camp zone resident	обитатель лагерной зоны
Frauen-Zone	n	die Frauen-Zone	women's zone	женская зона
Ohrfeigen-Gesichter	n	das Ohrfeigen-Gesicht	slapped face	лицо, получившее пощечину
Lagerpunkt-Leiter	n	der Lagerpunkt-Leiter	camp point leader	начальник лагерного пункта
Zug-Kommandeurs	n	der Zug-Kommandeur	platoon commander	командир взвода
Ust-Jaswa	name	Ust-Jaswa	Ust-Yasva	Усть-Ясва
Ust-Jaswinsker	adj	ust-jaswinski	Ust-Yasva	усть-ясвинский
Produktions-Lagerpunkte	n	der Produktions-Lagerpunkt	production camp point	производственный лагерный пункт
Auffang-	n	die Auffang	reception	прием
Sortier-Netze	n	die Sortier-Netze	sorting nets	сортировочные сети
Sonder-Brigaden	n	die Sonder-Brigade	special brigade	специальная бригада
Baumstamm-Haufen	n	der Baumstamm-Haufen	log pile	куча бревен
Senk-Holz	n	das Senk-Holz	sinking wood	затопляемая древесина
Flößerei-Kontor	n	das Flößerei-Kontor	logging office	контора лесосплава
Ober-Bevollmächtigten	n	der Ober-Bevollmächtigte	chief plenipotentiary	главный полномочный
Ober-Normsachbearbeiter	n	der Ober-Normsachbearbeiter	chief norm specialist	главный специалист по норме
Ust-Jaswensker	adj	ust-jaswensker	Ust-Yasva	усть-ясвенский
Gemüse-Einlagerung	n	die Gemüse-Einlagerung	vegetable storage	хранение овощей
Takelage-Material	n	das Takelage-Material	rigging material	такелажный материал
Anlande-Stelle	n	die Anlande-Stelle	landing site	место причаливания
Sonder-Kutter	n	der Sonder-Kutter	special cutter	специальный катер
Flöß-Leiter	n	der Flöß-Leiter	logging leader	руководитель лесосплава
Samt-Tischdecke	n	die Samt-Tischdecke	velvet tablecloth	бархатная скатерть
Flößerei-Büro	n	das Flößerei-Büro	logging office	офис лесосплава
Flöß-Arbeiten	n	die Flöß-Arbeit	logging work	работа лесосплава
Sonder-Konvoi	n	der Sonder-Konvoi	special convoy	специальный конвой
Flößerei-Arbeiten	n	die Flößerei-Arbeit	logging work	работа лесосплава
Flößerei-Angelegenheiten	n	die Flößerei-Angelegenheit	logging matters	вопросы лесосплава
Treibholz-Flößen	n	das Treibholz-Flößen	driftwood logging	сплав дрейфующей древесины
Floß-Parameter	n	der Floß-Parameter	raft parameter	параметр плота
Rundholz-Straßen	n	die Rundholz-Straße	log road	дорога для бревен
K-	n	der K	K	К
Schlepp-Traktoren	n	der Schlepp-Traktor	towing tractor	трактор-тягач
KT-	n	der KT	KT	КТ
Lagerpunkt-Außenstellen	n	die Lagerpunkt-Außenstelle	camp point outpost	филиал лагерного пункта
Bandjug-Tscherdyn-Trakt	n	der Bandjug-Tscherdyn-Trakt	Bandjug-Cherdyn tract	тракт Бандюг-Чердынь
Beresowkser	adj	beresowkski	Berezovka	берёзовский
Holzbeschaffungs-Außenstellen	n	die Holzbeschaffungs-Außenstelle	lumber procurement outpost	филиал лесозаготовок
Berechnungs-	n	die Berechnung	calculation	расчет
Don-Kosaken	n	die Don-Kosaken	Don Cossacks	донские казаки
Zivil-Ingenieur	n	der Zivil-Ingenieur	civil engineer	гражданский инженер
Flößerei-Kontors	n	das Flößerei-Kontor	logging office	контора лесосплава
Lager-Existenz	n	die Lager-Existenz	camp existence	лагерное существование
Kultur-Brigade	n	die Kultur-Brigade	cultural brigade	культурная бригада
Sklaven-Existenzniveau	n	das Sklaven-Existenzniveau	slave existence level	уровень рабского существования
Lager-Ehefrau	n	die Lager-Ehefrau	camp wife	жена в лагере
Sich-Kennenlernen	n	das Sich-Kennenlernen	getting acquainted	познакомление
Armee-Mitarbeiter	n	der Armee-Mitarbeiter	army worker	армейский сотрудник
OLP-Lagerleiters	n	der OLP-Lagerleiter	OLP camp leader	начальник лагеря ОЛП
Vormerk-Order	n	die Vormerk-Order	standing order	предварительный заказ
Nachkriegs-	adj	nachkriegs	postwar	послевоенный
Bandera-Anhängern	n	der Bandera-Anhänger	Bandera follower	сторонник Бандеры
Bandera-Bewegung	n	die Bandera-Bewegung	Bandera movement	движение Бандеры
Lager-Dämlingen	n	die Lager-Dämlingen	camp riffraff	лагерный сброд
Flößerei-Reederei	n	die Flößerei-Reederei	logging shipping	лесосплавное пароходство
OLP-Befehl	n	der OLP-Befehl	OLP command	команда ОЛП
Wolga-Kantone	n	die Wolga-Kantone	Volga cantons	волжские кантоны
Golownaja-Lagerpunktes	n	der Golownaja-Lagerpunkt	Goloveaya camp point	Головной лагерный пункт
Schilf-Auen	n	die Schilf-Au	reed meadow	тростниковый луг
Kuryschko-Kolchose	n	die Kuryschko-Kolchose	Kuryshko Kolkhoz	колхоз Курышко
Kolchos-Buchhaltung	n	die Kolchos-Buchhaltung	kolkhoz accounting	колхозная бухгалтерия
Kolchos-Feldern	n	das Kolchos-Feld	kolkhoz field	колхозное поле
Dorf-Konsumgenossenschaft	n	die Dorf-Konsumgenossenschaft	village consumer co-op	сельская потребительская кооперация
erge-	n	der Erge	erge	эргэ
Kolchos-Aufbaus	n	der Kolchos-Aufbau	kolkhoz construction	строительство колхоза
Komsomolzen-Organisation	n	die Komsomolzen-Organisation	Komsomol organization	комсомольская организация
Sieben-Klassen-Schule	n	die Sieben-Klassen-Schule	seven-class school	семиклассная школа
Komsomol-Bezirkskomitees	n	das Komsomol-Bezirkskomitee	Komsomol district committee	районный комитет комсомола
Pionier-	n	der Pionier	pioneer	пионер
Komsomolzen-Organisationen	n	die Komsomolzen-Organisation	Komsomol organizations	комсомольские организации
Klub-Tätigkeit	n	die Klub-Tätigkeit	club activity	клубная деятельность
Kolchos-Verwaltung	n	die Kolchos-Verwaltung	kolkhoz administration	администрация колхоза
Berdan-Gewehr	n	das Berdan-Gewehr	Berdan rifle	винтовка Бердана
Kommando-Bedingungen	n	die Kommando-Bedingung	command condition	условия команды
Truppen-Kommando	n	das Truppen-Kommando	troop command	войсковое командование
Sabotage-Arbeiten	n	die Sabotage-Arbeiten	sabotage work	саботажные работы
Partei-Genossin	n	die Partei-Genossin	Party comrade	товарищ по партии
Notfall-Verbindung	n	die Notfall-Verbindung	emergency connection	аварийная связь
Partisanen-Aktion	n	die Partisanen-Aktion	partisan action	партизанское действие
Komsomolzen-Organe	n	das Komsomolzen-Organ	Komsomol body	органы комсомола
Komsomolzen-Ausweis	n	der Komsomolzen-Ausweis	Komsomol ID	комсомольский билет
Kandidaten-Karte	n	die Kandidaten-Karte	candidate card	кандидатская карточка
Komsomolzen-Mitgliedsausweis	n	der Komsomolzen-Mitgliedsausweis	Komsomol membership card	комсомольский членский билет
Sonder-Kollegiums	n	das Sonder-Kollegium	special college	специальная коллегия
Komsomol-	n	das Komsomol	Komsomol	комсомол
Partei-Angelegenheiten	n	die Partei-Angelegenheit	Party matters	партийные вопросы
Partisanen-Abteilung	n	die Partisanen-Abteilung	partisan detachment	партизанский отряд
Zentral-Krankenhaus	n	das Zentral-Krankenhaus	Central Hospital	Центральная больница
wiederer-	n	der Wiedererer	repeater	повторитель
Lager-Basis	n	die Lager-Basis	camp base	лагерная база
Sonder-Kollegium	n	das Sonder-Kollegium	special college	специальная коллегия
Produktions-Außenlagerstelle	n	die Produktions-Außenlagerstelle	production sub-camp	производственное дополнительное лагерное место
Holzeinschlag-Lagern	n	das Holzeinschlag-Lager	timber felling camp	лагерь лесозаготовок
Ladearbeiter-Brigaden	n	die Ladearbeiter-Brigade	loading brigade	погрузочная бригада
Abnahme-Bescheinigungen	n	die Abnahme-Bescheinigung	acceptance certificate	акт приемки
Lokomotiven-Depots	n	das Lokomotiven-Depot	locomotive depot	локомотивное депо
Schmalspur-Loks	n	die Schmalspur-Lok	narrow-gauge locomotive	узкоколейный локомотив
Schokoladen-Mädchen	n	das Schokoladen-Mädchen	chocolate girl	шоколадная девушка
Steckrüben-Mädchen	n	das Steckrüben-Mädchen	rutabaga girl	брюква-девушка
Kontor-Baracke	n	die Kontor-Baracke	office barracks	офисная казарма
Flößerei-Reede	n	die Flößerei-Reede	logging anchorage	рейд лесосплава
Konzert-Tätigkeit	n	die Konzert-Tätigkeit	concert activity	концертная деятельность
NKWD-Uniformen	n	die NKWD-Uniform	NKVD uniform	форма НКВД
Prämien-Mahlzeit	n	die Prämien-Mahlzeit	bonus meal	премиальное питание
Künstler-	n	der Künstler	artist	художник
Gewächshaus-Bedingungen	n	die Gewächshaus-Bedingung	greenhouse condition	условия теплицы
Zwei-Wohnungshäuser	n	das Zwei-Wohnungshaus	two-housing house	двухквартирный дом
Empfangs-	n	die Empfang	reception	приемное
Abgabe-Dokumenten	n	das Abgabe-Dokument	submission document	документ сдачи
OLP-Kulturbrigade	n	die OLP-Kulturbrigade	OLP cultural brigade	культурная бригада ОЛП
machen-	v	machen	make	делать
Dokumenten-Ordnern	n	der Dokumenten-Ordner	document folder	папка документов
Kinder-	n	das Kind	child	ребенок
Kreml-Führern	n	der Kreml-Führer	Kremlin leader	кремлевский лидер
OLP-Krankenhaus	n	das OLP-Krankenhaus	OLP hospital	больница ОЛП
Pro-	prep	pro	per	за
Frauen-Sektion	n	die Frauen-Sektion	women's section	женское отделение
Abteil-Kabinen	n	die Abteil-Kabine	compartment cabin	кабина отделения
Zigeuner-Wirtschaft	n	die Zigeuner-Wirtschaft	gypsy economy	цыганское хозяйство
Lager-Möglichkeiten	n	die Lager-Möglichkeit	camp possibilities	лагерные возможности
Decken-Kabinen	n	die Decken-Kabine	ceiling cabin	кабина палубы
Registrierungs-	n	die Registrierung	registration	регистрация
Material-Gruppe	n	die Material-Gruppe	material group	материальная группа
Lager-Vergangenheit	n	die Lager-Vergangenheit	camp past	лагерное прошлое
Land-Lease-Vertrags	n	der Land-Lease-Vertrag	Lend-Lease agreement	договор Ленд-Лиза
Beute-Wolldecken	n	die Beute-Wolldecke	captured blanket	трофейное шерстяное одеяло
Wlassow-Leute	n	die Wlassow-Leute	Vlasov men	люди Власова
Frauen-Sonderlager	n	das Frauen-Sonderlager	women's special camp	женский специальный лагерь
OLP-Kontors	n	das OLP-Kontor	OLP office	офис ОЛП
Lager-Regime	n	das Lager-Regime	camp regime	лагерный режим
Nischne-Moschewsker	adj	nischne-moschewski	Nizhnie-Moshevsker	нижнемосовский
Damokles-Schwert	n	das Damokles-Schwert	Sword of Damocles	Дамоклов меч
Holzbeschaffungs-Frauenlager	n	das Holzbeschaffungs-Frauenlager	lumber women's camp	лесозаготовительный женский лагерь
Lager-Territorium	n	das Lager-Territorium	camp territory	лагерная территория
Stalin-Befehl	n	der Stalin-Befehl	Stalin order	сталинский приказ
Geschlechter-Trennung	n	die Geschlechter-Trennung	gender separation	разделение по полам
OLP-Leitung	n	die OLP-Leitung	OLP leadership	руководство ОЛП
OLP-Buchhaltung	n	die OLP-Buchhaltung	OLP accounting	бухгалтерия ОЛП
Schokoladen-Frauen	n	die Schokoladen-Frauen	chocolate women	шоколадные женщины
Frauen-Etappe	n	die Frauen-Etappe	women's stage	женский этап
Armee-Finanzmitarbeiter	n	der Armee-Finanzmitarbeiter	army finance worker	армейский финансовый работник
Lager-Ideologie	n	die Lager-Ideologie	camp ideology	лагерная идеология
Lager-Insassen	n	der Lager-Insasse	camp inmate	лагерный заключенный
rence-Spieler	n	der rence-Spieler	rence player	игрок ренс
Quartals-	n	das Quartal	quarter	квартал
Mit-Bediensteten	n	der Mit-Bedienster	co-servant	соучастник
Abläng-Arbeiten	n	die Abläng-Arbeit	byproduct work	побочная работа
Kubatur-Fachleute	n	der Kubatur-Fachleute	cubature expert	специалист по кубатуре
Kubator-Angaben	n	die Kubator-Angabe	cubature data	кубатурные данные
Volumen-Berechnung	n	die Volumen-Berechnung	volume calculation	расчет объема
Sonder-Beziehungen	n	die Sonder-Beziehung	special relations	специальные отношения
Holzeinschlag-Gebieten	n	das Holzeinschlag-Gebiet	timber felling area	лесозаготовительный регион
Kontor-Mitarbeiter	n	der Kontor-Mitarbeiter	office worker	офисный работник
Sonder-Genehmigung	n	die Sonder-Genehmigung	special permission	специальное разрешение
Trudarmee-Angehörigen	n	der Trudarmee-Angehörige	Labor Army member	член трудовой армии
Partei-Mitgliedsausweise	n	der Partei-Mitgliedsausweis	Party membership card	партийный билет
Partei-Versammlungen	n	die Partei-Versammlung	Party meeting	партийное собрание
Artillerie-Regiment	n	das Artillerie-Regiment	artillery regiment	артиллерийский полк
Lokomotiven-Brennstoff	n	der Lokomotiven-Brennstoff	locomotive fuel	локомотивное топливо
Außenbilanz-Konto	n	das Außenbilanz-Konto	external balance account	счет внешнего баланса
Lager-Leiter	n	der Lager-Leiter	camp leader	начальник лагеря
Lager-Kleidung	n	die Lager-Kleidung	camp clothing	лагерная одежда
Lager-Frau	n	die Lager-Frau	camp woman	лагерная женщина
Bau-Ingenieur	n	der Bau-Ingenieur	construction engineer	строительный инженер
Ural-Mücken	n	die Ural-Mücke	Ural mosquito	уральский комар
OLP-Territoriums	n	das OLP-Territorium	OLP territory	территория ОЛП
Kama-Flusses	n	der Kama-Fluss	Kama River	река Кама
sechs-siebentausend	num	sechs-siebentausend	six to seven thousand	шесть-семь тысяч
Bezirksexekutiv-Komitee	n	das Bezirksexekutiv-Komitee	district executive committee	районный исполнительный комитет
Miniatur-Loks	n	die Miniatur-Lok	miniature locomotive	миниатюрный локомотив
Service-Personal	n	das Service-Personal	service personnel	обслуживающий персонал
Haupt-Magistrale	n	die Haupt-Magistrale	main artery	главная артерия
NKWD-Beamten	n	der NKWD-Beamte	NKVD official	чиновник НКВД
Sonderregime-Lager	n	das Sonderregime-Lager	special regime camp	лагерь особого режима
OLP-Sanitätsabteilung	n	die OLP-Sanitätsabteilung	OLP sanitary division	санитарный отдел ОЛП
traurig-berühmte	adj	traurig-berühmt	sadly-famous	печально-известный
Kupferminen-Gebiet	n	das Kupferminen-Gebiet	copper mines region	район медных рудников
Turuchansk-Taimyrsker	adj	turuchansk-taimyrski	Turuchansk-Taimyr	туруханско-таймырский
Schwarz-	adj	schwarz	black	черный
Grau-	adj	grau	gray	серый
August-Märkten	n	der August-Markt	August market	августовский рынок
Steppen-Wege	n	der Steppen-Weg	steppe path	степной путь
Januar-Februar	n	der Januar-Februar	January-February	январь-февраль
Taimyr-Gebiet	n	das Taimyr-Gebiet	Taimyr region	Таймырская область
Kulaken-Familie	n	die Kulaken-Familie	kulak family	кулацкая семья
Fischerei-Kolchosen	n	die Fischerei-Kolchose	fishing kolkhoz	рыболовецкий колхоз
Fischerei-Kolchose	n	die Fischerei-Kolchose	fishing kolkhoz	рыболовецкий колхоз
Gemüsegärtner-Brigade	n	die Gemüsegärtner-Brigade	vegetable gardener brigade	бригада овощеводов
Erd-Hütte	n	die Erd-Hütte	earth hut	земляная хижина
Krestjanskaja-Straße	n	die Krestjanskaja-Straße	Krestynskaya Street	Крестьянская улица
Lager-Schlampe	n	die Lager-Schlampe	camp prostitute	лагерная проститутка
Bezirksexekutiv-Komitees	n	das Bezirksexekutiv-Komitee	district executive committee	районный исполнительный комитет
Bezirkskonsum-Genossenschaft	n	die Bezirkskonsum-Genossenschaft	district consumer co-op	районная потребительская кооперация
Zentral-Buchhaltung	n	die Zentral-Buchhaltung	central accounting	центральная бухгалтерия
Frauen-Baracke	n	die Frauen-Baracke	women's barracks	женская казарма
Halbjahres-Rechenschaftsbericht	n	der Halbjahres-Rechenschaftsbericht	half-year report	полугодовой отчет
Lager-Zone	n	die Lager-Zone	camp zone	лагерная зона
Quartals-Rechenschaftsbericht	n	der Quartals-Rechenschaftsbericht	quarterly report	квартальный отчет
Eisschlamm-Feld	n	das Eisschlamm-Feld	ice-mud field	ледяно-грязевое поле
Mahagoni-Holz	n	das Mahagoni-Holz	mahogany wood	красное дерево
Ti-ti	n	das Ti-ti	ti-ti	тити
Ural-Bewohnern	n	der Ural-Bewohner	Ural inhabitant	уральский житель
Bajan-Musik	n	die Bajan-Musik	bayan music	музыка баяна
Gefangenen-Etappen	n	die Gefangenen-Etappe	prisoner stage	этап заключенных
Zwei-Mann-Kajüte	n	die Zwei-Mann-Kajüte	two-man cabin	двухместная каюта
Mai-Briefe	n	der Mai-Brief	May letter	майское письмо
violett-gelbes	adj	violett-gelb	violet-yellow	фиолетово-желтый
Lager-Weg	n	der Lager-Weg	camp path	лагерный путь
Regions-	n	die Region	region	регион
Gebiets-Hauptstädte	n	die Gebiets-Hauptstadt	regional capital	областной центр
Unions-	n	die Union	union	союз
Gebiets-Hauptstädten	n	die Gebiets-Hauptstadt	regional capital	областной центр
Furnierholz-Koffer	n	der Furnierholz-Koffer	veneer suitcase	фанерный чемодан
Gepäck-Aufbewahrung	n	die Gepäck-Aufbewahrung	baggage storage	хранение багажа
Bolsche-Padowsker	adj	bolsche-padowski	Bolshe-Padovsky	большепадовский
Kolchos-Eigentum	n	das Kolchos-Eigentum	kolkhoz property	колхозная собственность
Bauern-	n	der Bauer	farmer	крестьянин
Frauen-Brigade	n	die Frauen-Brigade	women's brigade	женская бригада
Motorrad-Fahren	n	das Motorrad-Fahren	motorcycle riding	езда на мотоцикле
Aufnahme-Prüfungen	n	die Aufnahme-Prüfung	entrance exam	вступительный экзамен
ein-zwei	num	ein-zwei	one to two	один-два
Pass-Beschränkungen	n	die Pass-Beschränkung	passport restriction	паспортное ограничение
Studenten-Kantine	n	die Studenten-Kantine	student cafeteria	студенческая столовая
Ess-Möglichkeit	n	die Ess-Möglichkeit	eating possibility	возможность поесть
Kirow-Straße	n	die Kirow-Straße	Kirov Street	улица Кирова
Sich-Stürzen	n	das Sich-Stürzen	rushing	броситься
d'Alembert	name	d'Alembert	d'Alembert	д'Аламбер
Glückwunsch-Telegramm	n	das Glückwunsch-Telegramm	congratulations telegram	телеграмма поздравлений
NKWD-Uniform	n	die NKWD-Uniform	NKVD uniform	форма НКВД
sechs-sieben	num	sechs-sieben	six to seven	шесть-семь
Differential-Geometrie	n	die Differential-Geometrie	differential geometry	дифференциальная геометрия
Norden-Lehrbuch	n	das Norden-Lehrbuch	Norden textbook	учебник Нордена
Fern-Aspirantur	n	die Fern-Aspirantur	distance postgraduate	заочная аспирантура
Sonder-Seminar	n	das Sonder-Seminar	special seminar	специальный семинар
eineinhalb-zwei	num	eineinhalb-zwei	one and a half to two	полтора-два
hinein-	prep	hinein	into	внутрь
Surowow-Schüler	n	der Surowow-Schüler	Suvorov student	воспитанник Суворовского
Real-Variablen	n	die Real-Variable	real variable	действительная переменная
Astronomie-Prüfung	n	die Astronomie-Prüfung	astronomy exam	экзамен по астрономии
Fernstudien-Abteilung	n	die Fernstudien-Abteilung	distance study division	заочное отделение
Gefängnis-	n	das Gefängnis	prison	тюрьма
Mittel-Asiens	n	das Mittel-Asien	Central Asia	Средняя Азия
Krim-Tataren	n	die Krim-Tataren	Crimean Tatars	крымские татары
Trud-Armee	n	die Trud-Armee	Labor Army	трудовая армия
Regierungs-	n	die Regierung	government	правительство
Wurst-	n	die Wurst	sausage	колбаса
Schinken-	n	der Schinken	ham	ветчина
Käse-Atrappen	n	der Käse-Attrappe	cheese dummy	сыр-имитация
Streichholz-	n	das Streichholz	match	спичка
Diwan-Sitzbänke	n	die Diwan-Sitzbank	divan bench	диванная скамья
verwaltungs-	adj	verwaltungs	administrative	административный
Stalin-Allee	n	die Stalin-Allee	Stalin Avenue	Сталинская аллея
Be-	prep	be	per	по
NKWD-Offizieren	n	der NKWD-Offizier	NKVD officer	офицер НКВД
Exil-Esten	n	die Exil-Esten	exile Estonians	эстонцы в эмиграции
war's	v	sein	was	было
Segeltuch-Jacken	n	die Segeltuch-Jacke	canvas jacket	парусиновая куртка
Suworow-Schule	n	die Suworow-Schule	Suvorov School	Суворовская школа
Babkin-Straße	n	die Babkin-Straße	Babkin Street	улица Бабкина
Jenissei-Trakt	n	der Jenissei-Trakt	Yenisei tract	Енисейский тракт
Melnitschnaja-Straße	n	die Melnitschnaja-Straße	Melnichnya Street	Мельничная улица
Jenissei-Holzwerk	n	das Jenissei-Holzwerk	Yenisei woodworks	Енисейский деревообрабатывающий завод
tun'	v	tun	do	делай
uns'	pron	uns	us	нас
Hangar-ähnlichen	adj	hangar-ähnlich	hangar-like	похожий на ангар
Rhesus-Unverträglichkeit	n	die Rhesus-Unverträglichkeit	Rh incompatibility	резус-несовместимость
Rh-negativ	adj	rh-negativ	Rh-negative	резус-отрицательный
Rh-positiv	adj	rh-positiv	Rh-positive	резус-положительный
Physik-Theoretiker	n	der Physik-Theoretiker	physics theorist	физик-теоретик
Flugzeug-	n	das Flugzeug	airplane	самолет
L-D	name	L-D	L-D	Л-Д
Jenissei-Lehrerbildungsinstitut	n	das Jenissei-Lehrerbildungsinstitut	Yenisei teacher training institute	Енисейский педагогический институт
Rabochekrestjanskaja-Straße	n	die Rabochekrestjanskaja-Straße	Workers and Peasants Street	улица Рабоче-Крестьянская
Said-Galijev	name	Said-Galijev	Said-Galiiev	Саид-Галиев
Stalin-Denkmal	n	das Stalin-Denkmal	Stalin monument	памятник Сталину
Lenin-Denkmal	n	das Lenin-Denkmal	Lenin monument	памятник Ленину
Jenissei-Werft	n	die Jenissei-Werft	Yenisei shipyard	Енисейская верфь
Mengen-	n	die Menge	quantity	количество
Verkaufs-	n	der Verkauf	sale	продажа
Stalin-Denkmals	n	das Stalin-Denkmal	Stalin monument	памятник Сталину
Lehrer-Zimmer	n	das Lehrer-Zimmer	teacher's room	учительская комната
Miklucho-Maklai	name	Miklucho-Maklai	Miklucho-Maclay	Миклухо-Макдай
Lager-Erfahrung	n	die Lager-Erfahrung	camp experience	лагерный опыт
Nowy-Afon	name	Nowy-Afon	New Athos	Ново-Афон
Mai-Juni	n	der Mai-Juni	May-June	май-июнь
Kolchos-Gemüselager	n	das Kolchos-Gemüselager	kolkhoz vegetable storage	хранилище овощей колхоза
Gegen-	prep	gegen	against	против
UN-Generalversammlung	n	die UN-Generalversammlung	UN General Assembly	Генеральная ассамблея ООН
physikalisch-mathematische	adj	physikalisch-mathematisch	physical-mathematical	физико-математический
Emaille-Eimer	n	der Emaille-Eimer	enamel bucket	эмалированное ведро
Drei-Liter-Dosen	n	die Drei-Liter-Dose	three-liter can	трехлитровая банка
nicht-proletarischen	adj	nicht-proletarisch	non-proletarian	непролетарский
Kolyma-Lagern	n	das Kolyma-Lager	Kolyma camp	Колымский лагерь
Komsomol-Gewissen	n	das Komsomol-Gewissen	Komsomol conscience	комсомольская совесть
Bezirks-	n	der Bezirk	district	район
Drei-Zimmer-Wohnung	n	die Drei-Zimmer-Wohnung	three-room apartment	трехкомнатная квартира
her-	prep	her	here	сюда
Komsomol-Vergangenheit	n	die Komsomol-Vergangenheit	Komsomol past	комсомольское прошлое
Athos'	name	Athos	Athos	Афон
Beeren-	n	die Beere	berry	ягода
Said-Galiev	name	Said-Galiev	Said-Galiiev	Саид-Галиев
Kreml-Mauer	n	die Kreml-Mauer	Kremlin wall	кремлевская стена
Mittag-	n	der Mittag	noon	полдень
Fri-	n	der Fri	fri	Фри
Acht-Jahres-Schule	n	die Acht-Jahres-Schule	eight-year school	восьмилетняя школа
hin-	prep	hin	there	туда
Anti-Parteien	n	die Anti-Partei	anti-party	антипартийный
Innen-	n	das Innen	inside	внутри
Instituts-	n	das Institut	institute	институт
Komsomol-Baustellen	n	die Komsomol-Baustelle	Komsomol construction site	комсомольская стройка
Straßen-	n	die Straße	street	улица
Saint-Exupery	name	Saint-Exupery	Saint-Exupéry	Сент-Экзюпери
Meeres-Landschaft	n	die Meeres-Landschaft	seascape	морской пейзаж
All-Russischen	adj	all-russisch	all-Russian	всероссийский
Ex-Sträflinge	n	der Ex-Sträfling	ex-convict	бывший каторжник
Industrie-	n	die Industrie	industry	промышленность
Nach-Stalin-Zeit	n	die Nach-Stalin-Zeit	post-Stalin era	послесталинская эпоха
Samisdat-Zeitschrift	n	die Samisdat-Zeitschrift	samizdat magazine	журнал самиздата
Chruschtschow-Lager	n	das Chruschtschow-Lager	Khrushchev camp	хрущевский лагерь
Chruschtschow-Tauwetter	n	das Chruschtschow-Tauwetter	Khrushchev Thaw	хрущевская оттепель
Schul-	n	die Schule	school	школа
KGB-Informanten	n	der KGB-Informant	KGB informant	информатор КГБ
Ein-Sterne-Generalsekretär	n	der Ein-Sterne-Generalsekretär	one-star secretary-general	генсек одной звезды
hab'	v	haben	have	иметь
Behandlungs-Kommission	n	die Behandlungs-Kommission	treatment commission	комиссия лечения
Kreis-	n	der Kreis	district	округ
Krasnodar-Dschubga	name	Krasnodar-Dschubga	Krasnodar-Sochi	Краснодар-Джубга
Lenin-Instituts	n	das Lenin-Institut	Lenin Institute	Ленинский институт
Birken-	n	die Birke	birch	береза
Schapsuga-Flusses	n	der Schapsuga-Fluss	Shapsuha River	река Шапсуга
rot-kariertes	adj	rot-kariert	red-checkered	красная клетчатая
Chintz-Kleid	n	das Chintz-Kleid	chintz dress	ситцевое платье
Oktober-Eisenbahnverwaltung	n	die Oktober-Eisenbahnverwaltung	October Railway Administration	октябрьская администрация железной дороги
Dawidowskij-Gasse	n	die Dawidowskij-Gasse	Davidovsky Lane	Давидовский переулок
Komsomolskaja-Platz	n	der Komsomolskaja-Platz	Komsomolskaya Square	площадь Комсомольская
Korolew-Straße	n	die Korolew-Straße	Korolev Street	улица Королева
Hotel-Cafeteria	n	die Hotel-Cafeteria	hotel cafeteria	отельная кафетерия
Provinz-Universität	n	die Provinz-Universität	provincial university	провинциальный университет
Algorithmen-Theorie	n	die Algorithmen-Theorie	algorithm theory	теория алгоритмов
Sitz-Nachbarn	n	der Sitz-Nachbar	seat neighbor	сосед по месту
Sitze-Wechseln	n	das Sitze-Wechsel	seat change	смена места
Kirow-Prospekt	n	der Kirow-Prospekt	Kirov Prospect	Кировский проспект
Chruschtschow-Regierung	n	die Chruschtschow-Regierung	Khrushchev government	хрущевское правительство
Boden-Chemisierung	n	die Boden-Chemisierung	soil chemicalization	химизация почвы
Forschungs-	n	die Forschung	research	исследование
Brennstoff-	n	der Brennstoff	fuel	топливо
militärisch-industrielle	adj	militärisch-industriell	military-industrial	военно-промышленный
Gosplan-Forschungsinstitut	n	das Gosplan-Forschungsinstitut	Gosplan Research Institute	научно-исследовательский институт Госплана
Samisdat-Literatur	n	die Samisdat-Literatur	samizdat literature	литература самиздата
Rossija-Kinos	n	das Rossija-Kino	Rossiya cinema	кинотеатр Россия
Vize-Rektor	n	der Vize-Rektor	vice-rector	проректор
Philosophie-Kurs	n	der Philosophie-Kurs	philosophy course	курс философии
Experten-Kommission	n	die Experten-Kommission	expert commission	экспертная комиссия
Arabica-Kaffee	n	der Arabica-Kaffee	Arabica coffee	кофе Арабика
Roquefort-Käse	n	der Roquefort-Käse	Roquefort cheese	сыр Рокфор
herum-läuft	v	herumläufen	runs around	бегает вокруг
Cholera-Epidemie	n	die Cholera-Epidemie	cholera epidemic	холерная эпидемия
wissenschaftlich-methodische	adj	wissenschaftlich-methodisch	scientific-methodical	научно-методический
Physik-	n	die Physik	physics	физика
Spartak-Ararat	name	Spartak-Ararat	Spartak-Ararat	Спартак-Арарат
Luschniki-Stadion	n	das Luschniki-Stadion	Luzhniki Stadium	стадион Лужники
Planen-Zelte	n	das Planen-Zelt	canvas tent	брезентовая палатка
Steklow-Institut	n	das Steklow-Institut	Steklov Institute	Институт Стеклова
Gallenblasen-Entzündung	n	die Gallenblasen-Entzündung	gallbladder inflammation	воспаление желчного пузыря
Schelesnodoroschnikowa-Straße	n	die Schelesnodoroschnikowa-Straße	Railway Worker Street	Железнодорожника улица
Vier-Zimmer-Wohnung	n	die Vier-Zimmer-Wohnung	four-room apartment	четырехкомнатная квартира
sofort'	adv	sofort	immediately	немедленно
AN-	n	das AN	AN	АН
Zobel-	n	der Zobel	sable	соболь
Fuchs-	n	der Fuchs	fox	лиса
Bus-	n	der Bus	bus	автобус
Trolleybus-Haltestelle	n	die Trolleybus-Haltestelle	trolleybus stop	остановка троллейбуса
Lenin-Tage	n	die Lenin-Tage	Lenin Days	дни Ленина
hinauf-	prep	hinauf	upward	вверх
fakultäts-	adj	fakultäts	faculty	факультетский
Komsomol-Versammlungen	n	die Komsomol-Versammlung	Komsomol meeting	комсомольское собрание
Partei-	n	die Partei	party	партия
Jubiläums-	adj	jubiläums	anniversary	юбилейный
Vorwahl-	adj	vorwahl	pre-election	предвыборный
Schulungs-	n	die Schulung	training	обучение
Mentoren-System	n	das Mentoren-System	mentor system	система менторства
wissenschaftlich-technischen	adj	wissenschaftlich-technisch	scientific-technical	научно-технический
militärisch-patriotischen	adj	militärisch-patriotisch	military-patriotic	военно-патриотический
Neu-Athos	name	Neu-Athos	New Athos	Ново-Афон
Ritsa-See	n	der Ritsa-See	Ritsa Lake	озеро Рица
Baby-Kult	n	der Baby-Kult	baby cult	культ младенца
Komsomol-Sitzungen	n	die Komsomol-Sitzung	Komsomol session	комсомольское заседание
Algebra-Abteilung	n	die Algebra-Abteilung	algebra department	отделение алгебры
Bezirks-Parteikomitees	n	das Bezirks-Parteikomitee	district party committee	районный партийный комитет
