benzin	noun	das Benzin	petrol, gasoline	бензин
gerichtssaal	noun	der Gerichtssaal	courtroom	зал суда
betrat	verb	betreten	entered	вошёл
vergewaltigt	verb	vergewaltigen	raped	изнасилован
buckland	name	Buckland	Buckland (name)	Бакланд
viertel	noun	das Viertel	quarter	четверть
stepan	name	Stepan	Stepan (name)	Степан
mytischtschi	name	Mytischtschi	Mytichtchi (place)	Мытищи
ural	name	Ural	Ural (place)	Урал
nördlich	adj	nördlich	northern	северный
igor	name	Igor	Igor (name)	Игорь
stieß	verb	stoßen	pushed	толкнул
student	noun	der Student	student	студент
kolmogorowa	name	Kolmogorowa	Kolmogorova (name)	Колмогорова
trägt	verb	tragen	carries, wears	носит
passierte	verb	passieren	happened	произошло
stimmte	verb	stimmen	agreed	согласился
schlecht	adj	schlecht	bad	плохо
rucksäcke	noun	der Rucksack	backpacks	рюкзаки
hört	verb	hören	hears	слышит
gruppen	noun	die Gruppe	groups	группы
russisch	adj	russisch	Russian	русский
fahrt	noun	die Fahrt	journey, trip	поездка
verschwanden	verb	verschwinden	disappeared	исчезли
socken	noun	die Socke	socks	носки
holz	noun	das Holz	wood	дерево
eis	noun	das Eis	ice	лёд
kurzes	adj	kurz	short	короткий
zählte	verb	zählen	counted	считал
teddybär	noun	der Teddybär	teddy bear	плюшевый мишка
solle	verb	sollen	should	должен
zeigen	verb	zeigen	show	показать
auge	noun	das Auge	eye	глаз
grad	noun	der Grad	degree	градус
welche	pron	welche	which	какой
aufgabe	noun	die Aufgabe	task	задача
rutschte	verb	rutschen	slipped	скользнул
zweites	adj	zweiter	second	второй
derselbe	pron	derselbe	the same	тот же
trocken	adj	trocken	dry	сухой
halbe	adj	halb	half	половина
eintrag	noun	der Eintrag	entry	запись
beginnen	verb	beginnen	begin	начать
ließen	verb	lassen	let, allowed	позволили
rückweg	noun	der Rückweg	way back	обратный путь
nummer	noun	die Nummer	number	номер
witz	noun	der Witz	joke	шутка
metern	noun	der Meter	meters	метры
hängen	verb	hängen	hang	висеть
zeitpunkt	noun	der Zeitpunkt	point in time	момент времени
dies	pron	dies	this	это
schnitt	noun	der Schnitt	cut	срез
entdeckte	verb	entdecken	discovered	обнаружил
führten	verb	führen	led	привели
erkannte	verb	erkennen	recognized	узнал
sauber	adj	sauber	clean	чистый
suchenden	verb	suchen	searching	ищущий
gekommen	verb	kommen	come	пришёл
offizielle	adj	offiziell	official	официальный
streit	noun	der Streit	quarrel	ссора
geprüft	verb	prüfen	examined	проверил
waffe	noun	die Waffe	weapon	оружие
auftrag	noun	der Auftrag	order	приказ
veröffentlichte	verb	veröffentlichen	published	опубликовал
titel	noun	der Titel	title	название
gedacht	verb	denken	thought	думал
gelegen	verb	liegen	lain, located	лежал
gezogen	verb	ziehen	drawn, pulled	вытянул
gebaut	verb	bauen	built	построил
fehlten	verb	fehlen	were missing	отсутствовали
erstes	adj	erster	first	первый
vieles	pron	vieles	much	много
mehrmals	adv	mehrmals	several times	несколько раз
interviews	noun	das Interview	interviews	интервью
gegründet	verb	gründen	founded	основал
statt	prep	statt	instead of	вместо
fragten	verb	fragen	asked	спросили
wahr	adj	wahr	true	истинный
sechzig	num	sechzig	sixty	шестьдесят
mehreren	adj	mehrere	several	несколько
phänomen	noun	das Phänomen	phenomenon	явление
gelöst	verb	lösen	solved	решил
gaume	name	Gaume	Gaume (name)	Гом
puzrin	name	Puzrin	Puzrin (name)	Пузрин
dasselbe	pron	dasselbe	the same	то же самое
solcher	pron	solcher	such	такой
gewicht	noun	das Gewicht	weight	вес
dyatlov	name	Dyatlov	Dyatlov (name)	Дятлов
beweis	noun	der Beweis	proof	доказательство
rote	adj	rot	red	красный
c	abbr	c	C, with	с
erzählt	verb	erzählen	told	рассказал
solano	name	Solano	Solano (name)	Солано
school	noun	die School	school	школа
kleid	noun	das Kleid	dress	платье
arthur	name	Arthur	Arthur (name)	Артур
herman	name	Herman	Herman (name)	Герман
hügeln	noun	der Hügel	hills	холмы
lundblad	name	Lundblad	Lundblad (name)	Lundblad
sonne	noun	die Sonne	sun	солнце
länger	adv	länger	longer	дольше
east	name	East	East	Восток
existierte	verb	existieren	existed	существовал
lynch	name	Lynch	Lynch (name)	Линч
fälle	noun	der Fall	cases	случаи
brachten	verb	bringen	brought	принесли
brust	noun	die Brust	breast, chest	грудь
thema	noun	das Thema	theme, subject	тема
donnerstag	noun	der Donnerstag	Thursday	четверг
details	noun	das Detail	details	детали
kreuz	noun	das Kreuz	cross	крест
büros	noun	das Büro	offices	офисы
office	noun	das Office	office	офис
fünfziger	noun	der Fünfziger	fifties	пятидесятые
stolz	noun	der Stolz	pride	гордость
englischen	adj	englisch	English	английский
interview	noun	das Interview	interview	интервью
college	noun	das College	college	колледж
jung	adj	jung	young	молодой
passiert	verb	passieren	happened	случилось
kroch	verb	kriechen	crawled	полз
lebt	verb	leben	lives	живёт
ruhestand	noun	der Ruhestand	retirement	выход на пенсию
regnete	verb	regnen	rained	шёл дождь
doktorarbeit	noun	die Doktorarbeit	doctoral thesis	докторская диссертация
taxi	noun	das Taxi	taxi	такси
cherry	name	Cherry	Cherry (name)	Черри
stock	noun	der Stock	stick, staff	палка
frische	adj	frisch	fresh	свежий
älter	adj	alt	older	старше
angeblich	adv	angeblich	allegedly	якобы
baute	verb	bauen	built	строил
täglich	adj	täglich	daily	ежедневный
aktenschränke	noun	der Aktenschrank	filing cabinets	картотеки
gesessen	verb	sitzen	sat	сидел
treffen	verb	treffen	meet	встреча
fernsehen	noun	das Fernsehen	television	телевидение
hinweis	noun	der Hinweis	hint, clue	намёк
city	noun	die City	city	город
leiser	adv	leise	quieter	тише
vertrauen	noun	das Vertrauen	trust	доверие
begonnen	verb	beginnen	begun	начал
enthielt	verb	enthalten	contained	содержал
mulanax	name	Mulanax	Mulanax (name)	Мулапах
kelly	name	Kelly	Kelly (name)	Келли
dutzende	noun	das Dutzend	dozens	дюжины
blake	name	Blake	Blake (name)	Блейк
städten	noun	die Stadt	cities	города
geständnis	noun	das Geständnis	confession	признание
stillen	verb	stillen	nursing	кормить грудью
nächten	noun	die Nacht	nights	ночи
dünner	adj	dünn	thinner	тоньше
folgen	verb	folgen	follow	следить
geheimdienste	noun	der Geheimdienst	secret services	спецслужбы
verändern	verb	verändern	change	изменить
daten	noun	das Datum	data	данные
süden	noun	der Süden	south	юг
vormittag	noun	der Vormittag	morning	утро
guten	adj	gut	good	хороший
gebäude	noun	das Gebäude	building	здание
general	noun	der General	general	генерал
erinnern	verb	erinnern	remember	помнить
sache	noun	die Sache	matter, thing	вещь
sinn	noun	der Sinn	sense, meaning	смысл
stiftungen	noun	die Stiftung	foundations	фонды
schlaf	noun	der Schlaf	sleep	сон
geben	verb	geben	give	дать
stoffe	noun	der Stoff	materials	материалы
geist	noun	der Geist	spirit, mind	дух
versucht	verb	versuchen	tried	пытался
kennengelernt	verb	kennenlernen	met	познакомился
fühlte	verb	fühlen	felt	чувствовал
erfahren	verb	erfahren	learned, experienced	узнал
danke	intj	danke	thanks	спасибо
zerstört	verb	zerstören	destroyed	уничтожил
arzt	noun	der Arzt	doctor	врач
söhne	noun	der Sohn	sons	сыновья
hören	verb	hören	hear	слышать
limonade	noun	die Limonade	lemonade	лимонад
recht	noun	das Recht	right	право
glaube	noun	der Glaube	belief	вера
senatoren	noun	der Senator	senators	сенаторы
einzelne	adj	einzeln	individual	отдельный
echte	adj	echt	genuine	подлинный
altes	adj	alt	old	старый
normaler	adj	normal	normal	нормальный
blatt	noun	das Blatt	leaf, sheet	лист
modernen	adj	modern	modern	современный
daniel	name	Daniel	Daniel (name)	Даниэль
schwamm	noun	der Schwamm	sponge	губка
schweren	adj	schwer	heavy	тяжёлый
krankheit	noun	die Krankheit	disease	болезнь
staat	noun	der Staat	state	государство
pip	name	Pip	Pip (name)	Пип
gehirns	noun	das Gehirn	brain's	мозг
fünftausend	num	fünftausend	five thousand	пять тысяч
unauffällig	adj	unauffällig	inconspicuous	незаметный
beginnt	verb	beginnen	begins	начинается
dunkler	adj	dunkel	darker	темнее
hinrichtung	noun	die Hinrichtung	execution	казнь
salt	name	Salt	Salt (place)	Солт
galt	verb	gelten	was valid	был действителен
kilogramm	noun	das Kilogramm	kilogram	килограмм
fünfundzwanzig	num	fünfundzwanzig	twenty-five	двадцать пять
bemerkte	verb	bemerken	noticed	заметил
teds	name	Teds	Ted's	Теда
samuel	name	Samuel	Samuel (name)	Самуил
psychologie	noun	die Psychologie	psychology	психология
studiert	verb	studieren	studied	изучал
asarco	name	Asarco	Asarco (name)	Асарко
schultern	noun	die Schulter	shoulders	плечи
perfekte	adj	perfekt	perfect	совершенный
nackt	adj	nackt	naked	обнажённый
spielen	verb	spielen	play	играть
hundert	num	hundert	hundred	сто
firma	noun	die Firma	company	фирма
mitten	adv	mitten	in the middle	в середине
arbeiter	noun	der Arbeiter	worker	рабочий
nennt	verb	nennen	calls, names	называет
verändert	verb	verändern	changed	изменил
hielten	verb	halten	held	держали
hayward	name	Hayward	Hayward (place)	Хейворд
fingerabdruck	noun	der Fingerabdruck	fingerprint	отпечаток пальца
käfig	noun	der Käfig	cage	клетка
stattdessen	adv	stattdessen	instead	вместо этого
judith	name	Judith	Judith (name)	Юдифь
dörfern	noun	das Dorf	villages	деревни
tötet	verb	töten	kills	убивает
la	abbr	la	LA, Los Angeles	ЛА
tetraethylblei	noun	das Tetraethylblei	tetraethyl lead	тетраэтилсвинец
faktor	noun	der Faktor	factor	фактор
väter	noun	der Vater	fathers	отцы
berg	noun	der Berg	mountain	гора
otorten	name	Otorten	Otorten (place)	Отортен
wanderer	noun	der Wanderer	wanderer	странник
leiter	noun	der Leiter	leader, pipe	лидер
bahnsteig	noun	der Bahnsteig	platform	платформа
stundenlang	adv	stundenlang	for hours	часами
schaut	verb	schauen	looks	смотрит
abgeschlossen	verb	abschließen	concluded	завершил
gitarre	noun	die Gitarre	guitar	гитара
majak	name	Majak	Majak (place)	Маяк
skier	noun	der Skier	skiers	лыжники
gehörten	verb	gehören	belonged	принадлежали
stimmung	noun	die Stimmung	mood	настроение
prüfte	verb	prüfen	examined	проверил
lachen	verb	lachen	laugh	смеяться
gang	noun	der Gang	corridor, gait	коридор
selten	adv	selten	rarely	редко
lastwagen	noun	der Lastwagen	truck	грузовик
gesichter	noun	das Gesicht	faces	лица
eigentliche	adj	eigentlich	actual	фактический
leeren	verb	leeren	empty	опустошить
hinten	adv	hinten	at the back	сзади
wachte	verb	wachen	woke	проснулся
bein	noun	das Bein	leg	нога
erreichte	verb	erreichen	reached	достиг
jacken	noun	die Jacke	jackets	куртки
bewegung	noun	die Bewegung	movement	движение
nebeneinander	adv	nebeneinander	beside each other	рядом
skiern	verb	skiern	ski	кататься на лыжах
mansi	name	Mansi	Mansi (people)	Манси
schwach	adj	schwach	weak	слабый
zähnen	noun	der Zahn	teeth	зубы
meist	adv	meist	mostly	в основном
abendessen	noun	das Abendessen	dinner	ужин
nachmittag	noun	der Nachmittag	afternoon	после полудня
reicht	verb	reichen	reaches	достаточно
reihenfolge	noun	die Reihenfolge	order, sequence	последовательность
band	noun	die Band	band, ribbon	лента
fangen	verb	fangen	catch	ловить
geöffnet	verb	öffnen	opened	открыл
fußspuren	noun	die Fußspur	footprints	следы ног
druck	noun	der Druck	pressure	давление
slobzow	name	Slobzow	Slobzow (place)	Слободзов
übernahm	verb	übernehmen	took over	взял на себя
quer	adv	quer	across	поперёк
näher	adv	nah	closer	ближе
nahe	adj	nah	near	рядом
rechte	noun	die Rechte	right	право
schirm	noun	der Schirm	umbrella, screen	зонт
herz	noun	das Herz	heart	сердце
hellen	adj	hell	bright	светлый
geschlagen	verb	schlagen	hit	ударить
angriff	noun	der Angriff	attack	атака
erklären	verb	erklären	explain	объяснить
verdacht	noun	der Verdacht	suspicion	подозрение
verletzungen	noun	die Verletzung	injuries	ранения
menschliche	adj	menschlich	human	человеческий
proben	noun	die Probe	samples	образцы
stammte	verb	stammen	came from	происходил
stempel	noun	der Stempel	stamp	штамп
monatelang	adv	monatelang	for months	месяцами
abgenommen	verb	abnehmen	removed	снял
notizbuch	noun	das Notizbuch	notebook	записная книжка
steckte	verb	stecken	stuck	застрял
rechten	adj	recht	right	правый
kraft	noun	die Kraft	power, force	сила
überlebt	verb	überleben	survived	выжил
bewusstsein	noun	das Bewusstsein	consciousness	сознание
arbeitet	verb	arbeiten	works	работает
ähnlich	adj	ähnlich	similar	похожий
ohr	noun	das Ohr	ear	ухо
großes	adj	groß	large	большой
sturz	noun	der Sturz	fall, crash	падение
maß	noun	das Maß	measure	мера
team	noun	das Team	team	команда
insgesamt	adv	insgesamt	in total	всего
plattenlawine	noun	die Plattenlawine	slab avalanche	плитовая лавина
test	noun	der Test	test	тест
griffen	verb	greifen	seized	схватили
retten	verb	retten	save, rescue	спасать
verfahren	noun	das Verfahren	process, procedure	процедура
entlassen	verb	entlassen	released	освобождён
avalanche	noun	die Avalanche	avalanche	лавина
werkzeug	noun	das Werkzeug	tool	инструмент
legt	verb	legen	lays	кладёт
frei	adj	frei	free	свободный
entstand	verb	entstehen	arose	возник
verletzen	verb	verletzen	injure	ранить
veröffentlicht	verb	veröffentlichen	published	опубликовано
rätsel	noun	das Rätsel	mystery, puzzle	загадка
medizinische	adj	medizinisch	medical	медицинский
gleichen	verb	gleichen	equal, match	совпадают
steine	noun	der Stein	stones	камни
papiere	noun	das Papier	papers	бумаги
case	noun	der Case	case	дело
magazine	noun	das Magazine	magazines	журналы
weihnachten	noun	das Weihnachten	Christmas	Рождество
mond	noun	der Mond	moon	луна
lasen	verb	lesen	read	читали
telefonierte	verb	telefonieren	telephoned	разговаривал по телефону
flasche	noun	die Flasche	bottle	бутылка
bay	noun	die Bay	bay	залив
gemocht	verb	mögen	liked	любил
rambler	name	Rambler	Rambler (name)	Рэмблер
elf	num	elf	eleven	одиннадцать
wichtigsten	adj	wichtig	most important	самый важный
sprang	verb	springen	jumped	прыгал
schritte	noun	der Schritt	steps	шаги
schuss	noun	der Schuss	shot	выстрел
marke	noun	die Marke	brand, mark	марка
erstens	adv	erstens	firstly	во-первых
zweitens	adv	zweitens	secondly	во-вторых
drittens	adv	drittens	thirdly	в-третьих
hingen	verb	hängen	hung	висели
gekannt	verb	kennen	known	знал
redeten	verb	reden	spoke	говорили
bekannter	adj	bekannt	known, acquaintance	знакомый
diesmal	adv	diesmal	this time	на этот раз
fester	adj	fest	solid, firmer	более твёрдый
erneut	adv	erneut	again	снова
schleppte	verb	schleppen	dragged	тащил
klingelte	verb	klingeln	rang	звонил
slover	name	Slover	Slover (name)	Славер
sechsundzwanzig	num	sechsundzwanzig	twenty-six	двадцать шесть
telefonzelle	noun	die Telefonzelle	telephone box	телефонная будка
wenigen	adj	wenig	few	несколько
gedächtnis	noun	das Gedächtnis	memory	память
langer	adj	lang	long	длинный
sharon	name	Sharon	Sharon (name)	Шарон
tate	name	Tate	Tate (name)	Тейт
frühstück	noun	das Frühstück	breakfast	завтрак
zentrum	noun	das Zentrum	center	центр
jenen	pron	jener	those	те
kapuze	noun	die Kapuze	hood	капюшон
stift	noun	der Stift	pencil, pen	карандаш
seltsames	adj	seltsam	strange	странный
gleichzeitig	adv	gleichzeitig	simultaneously	одновременно
titelseite	noun	die Titelseite	front page	титульная страница
sonst	adv	sonst	otherwise	иначе
intelligence	noun	die Intelligence	intelligence	разведка
kaliforniens	noun	das Kalifornien	California's	Калифорния
sherwood	name	Sherwood	Sherwood (place)	Шервуд
eindeutig	adv	eindeutig	clearly	явно
versuchen	verb	versuchen	try	попытаться
begannen	verb	beginnen	began	начали
spaß	noun	der Spaß	fun	веселье
armen	noun	der Arm	poor people, arms	бедные
ruhe	noun	die Ruhe	rest	покой
zukunft	noun	die Zukunft	future	будущее
symbol	noun	das Symbol	symbol	символ
brauchen	verb	brauchen	need	нужен
schnur	noun	die Schnur	string, cord	верёвка
schrie	verb	schreien	shouted	кричал
boot	noun	das Boot	boat	лодка
valley	noun	das Valley	valley	долина
überlebte	verb	überleben	survived	пережил
ken	name	Ken	Ken (name)	Кен
größe	noun	die Größe	size	размер
heights	noun	die Heights	heights	высоты
presidio	name	Presidio	Presidio (place)	Президио
jugendlichen	noun	die Jugendliche	adolescents, teenagers	подростки
fouke	name	Fouke	Fouke (place)	Фаук
entlang	prep	entlang	along	вдоль
tausend	num	tausend	thousand	тысяча
zuschauer	noun	der Zuschauer	spectator, audience	зритель
bereich	noun	der Bereich	area, range	область
pfeife	noun	die Pfeife	whistle, pipe	свисток
milch	noun	die Milch	milk	молоко
rückwärts	adv	rückwärts	backwards	назад
tauchte	verb	tauchen	emerged, dived	вынырнул
bus	noun	der Bus	bus	автобус
zeilen	noun	die Zeile	lines	строки
warten	verb	warten	wait	ждать
tatsächlich	adv	tatsächlich	actually, indeed	фактически
belli	name	Belli	Belli (name)	Белли
jim	name	Jim	Jim (name)	Джим
urteil	noun	das Urteil	verdict, judgment	приговор
log	noun	das Log	log	логгер
behauptete	verb	behaupten	claimed	утверждал
persönlich	adj	persönlich	personal	личный
dunkles	adj	dunkel	dark	тёмный
schwanger	adj	schwanger	pregnant	беременная
heran	adv	heran	towards	сюда
gefährlich	adj	gefährlich	dangerous	опасный
bauch	noun	der Bauch	belly, abdomen	живот
halten	verb	halten	hold	держать
ern	name	Ern	Ern (name)	Эрн
psychologen	noun	der Psycholog	psychologists	психологи
vorfall	noun	der Vorfall	incident	происшествие
hohen	adj	hoch	high	высокий
keller	noun	der Keller	cellar, basement	подвал
wolle	noun	die Wolle	wool	шерсть
weise	noun	die Weise	manner, way	способ
graysmith	name	Graysmith	Graysmith (name)	Грейсмит
geduld	noun	die Geduld	patience	терпение
cheney	name	Cheney	Cheney (name)	Чейни
öffentlichkeit	noun	die Öffentlichkeit	public	общественность
leigh	name	Leigh	Leigh (name)	Ли
wohnte	verb	wohnen	lived	жил
gelacht	verb	lachen	laughed	смеялся
allens	name	Allens	Allen's	Аллена
beweisen	verb	beweisen	prove	доказать
eycke	name	Eycke	Eycke (name)	Эйке
sogenannte	adj	sogenannt	so-called	так называемый
spuckte	verb	spucken	spat	плюнул
früh	adv	früh	early	рано
versuch	noun	der Versuch	attempt	попытка
ans	prep	an	to the	к
gewissen	noun	das Gewissen	conscience	совесть
parkplatz	noun	der Parkplatz	parking lot	парковка
geblieben	verb	bleiben	stayed, remained	остался
mkultra	name	Mkultra	MK-Ultra	МК-Ультра
dulles	name	Dulles	Dulles (name)	Даллес
einzelnen	adj	einzeln	individual, single	отдельный
chemiker	noun	der Chemiker	chemist	химик
unschuldig	adj	unschuldig	innocent	невинный
uniform	noun	die Uniform	uniform	форма
dreiundzwanzig	num	dreiundzwanzig	twenty-three	двадцать три
vaters	noun	der Vater	father's	отца
dozent	noun	der Dozent	lecturer, docent	доцент
notiz	noun	die Notiz	note	заметка
system	noun	das System	system	система
verhör	noun	das Verhör	interrogation	допрос
jemals	adv	jemals	ever	когда-либо
landes	noun	das Land	country's	страны
einundzwanzig	num	einundzwanzig	twenty-one	двадцать один
stapel	noun	der Stapel	pile, stack	стопка
öffnen	verb	öffnen	open	открыть
höher	adv	hoch	higher	выше
gefangenen	noun	der Gefangene	prisoners	заключённые
außerhalb	prep	außerhalb	outside	вне
liebte	verb	lieben	loved	любил
menschlichen	adj	menschlich	human	человеческий
schlüssel	noun	der Schlüssel	key	ключ
freude	noun	die Freude	joy	радость
freundliche	adj	freundlich	friendly	дружелюбный
aufmerksamkeit	noun	die Aufmerksamkeit	attention	внимание
grünen	adj	grün	green	зелёный
atmen	verb	atmen	breathe	дышать
geschmack	noun	der Geschmack	taste	вкус
verboten	verb	verbieten	forbidden	запрещён
psychiater	noun	der Psychiater	psychiatrist	психиатр
ratten	noun	die Ratte	rats	крысы
wann	conj	wann	when	когда
tatsache	noun	die Tatsache	fact	факт
manchen	adj	manch	some	некоторые
jemanden	pron	jemand	someone	кого-то
guter	adj	gut	good	хороший
hennings	name	Hennings	Hennings (name)	Хеннингс
informieren	verb	informieren	inform	информировать
schauen	verb	schauen	look	смотреть
klinik	noun	die Klinik	clinic	клиника
behandlung	noun	die Behandlung	treatment	лечение
ahnte	verb	ahnen	sensed	предчувствовал
jahrzehnte	noun	das Jahrzehnt	decades	десятилетия
regeln	noun	die Regel	rules	правила
erklärungen	noun	die Erklärung	explanations	объяснения
trinken	verb	trinken	drink	пить
pearl	name	Pearl	Pearl (place)	Перл
sorgen	verb	sorgen	care, worry	беспокоиться
hütte	noun	die Hütte	hut	хижина
vermisste	verb	vermissen	missed	пропал без вести
nelson	name	Nelson	Nelson (name)	Нельсон
braucht	verb	brauchen	needs	нужно
älterer	adj	alt	older	старший
verantwortung	noun	die Verantwortung	responsibility	ответственность
größer	adj	groß	bigger	больше
vorort	noun	der Vorort	suburb	пригород
philadelphia	name	Philadelphia	Philadelphia (place)	Филадельфия
jahrzehnten	noun	das Jahrzehnt	decades	десятилетия
hunde	noun	der Hund	dogs	собаки
meinen	verb	meinen	mean, think	думать
dunkelheit	noun	die Dunkelheit	darkness	тьма
existiert	verb	existieren	exists	существует
neunundvierzig	num	neunundvierzig	forty-nine	сорок девять
zweieinhalb	num	zweieinhalb	two and a half	две с половиной
tagelang	adv	tagelang	for days	днями
wäldern	noun	der Wald	forests	леса
mitbewohnerinnen	noun	die Mitbewohnerin	female roommates	соседки
wirkte	verb	wirken	acted, appeared	действовал
beamten	noun	der Beamte	officials, officers	чиновники
nebenan	adv	nebenan	next door	рядом
studentinnen	noun	die Studentin	female students	студентки
parks	noun	der Park	parks	парки
datenbank	noun	die Datenbank	database	база данных
verteilt	verb	verteilen	distributed	распределён
aspen	name	Aspen	Aspen (place)	Аспен
tallahassee	name	Tallahassee	Tallahassee (place)	Таллахасси
profiler	noun	der Profiler	profiler	профайлер
benennen	verb	benennen	name	называть
informationen	noun	die Information	information	информация
fleisch	noun	das Fleisch	meat	мясо
chicago	name	Chicago	Chicago (place)	Чикаго
empathie	noun	die Empathie	empathy	эмпатия
folgte	verb	folgen	followed	последовал
beinahe	adv	beinahe	almost, nearly	почти
perfekt	adj	perfekt	perfect	совершенный
elizabeth	name	Elizabeth	Elizabeth (name)	Елизавета
cowell	name	Cowell	Cowell (name)	Коуэлл
entdeckt	verb	entdecken	discovered	обнаружен
möglicherweise	adv	möglicherweise	possibly	возможно
cousin	noun	der Cousin	cousin	кузен
zurückkehren	verb	zurückkehren	return	вернуться
miami	name	Miami	Miami (place)	Майами
erwachsenen	noun	die Erwachsene	adults	взрослые
außer	prep	außer	except	кроме
brecheisen	noun	das Brecheisen	crowbar	лом
köpfe	noun	der Kopf	heads	головы
starrte	verb	starren	stared	смотрел пристально
floß	verb	fließen	flowed	текла
kalte	adj	kalt	cold	холодный
achtzigern	noun	die Achtziger	eighties	восьмидесятые
keppel	name	Keppel	Keppel (name)	Кеппель
lecter	name	Lecter	Lecter (name)	Лектер
thomas	name	Thomas	Thomas (name)	Томас
pfund	noun	das Pfund	pound	фунт
james	name	James	James (name)	Джеймс
dobson	name	Dobson	Dobson (name)	Добсон
publikum	noun	das Publikum	audience	публика
zerbrach	verb	zerbrechen	broke	сломал
kortex	noun	der Kortex	cortex	кора
milligramm	noun	das Milligramm	milligram	миллиграмм
gilt	verb	gelten	is valid	действителен
handschelle	noun	die Handschelle	handcuff	наручник
siebzehn	num	siebzehn	seventeen	семнадцать
profil	noun	das Profil	profile	профиль
kimberly	name	Kimberly	Kimberly (place)	Кимберли
sexuelle	adj	sexuell	sexual	половой
rose	noun	die Rose	rose	роза
elektrischen	adj	elektrisch	electric	электрический
entwickelte	verb	entwickeln	developed	развил
verschoben	verb	verschieben	postponed	перенёс
burn	verb	burn	burn	жечь
erstaunlich	adj	erstaunlich	amazing	удивительный
seatac	name	Seatac	SeaTac (place)	СиТак
scham	noun	die Scham	shame	стыд
lack	noun	der Lack	varnish	лак
obdachlose	noun	der Obdachlose	homeless	бездомные
sexarbeiterinnen	noun	die Sexarbeiterin	sex workers	секс-работницы
polygraph	noun	der Polygraph	polygraph	полиграф
tatorten	noun	der Tatort	crime scenes	места преступлений
folgten	verb	folgen	followed	следовали
pitchfork	name	Pitchfork	Pitchfork (place)	Пичфорк
bekommt	verb	bekommen	gets	получает
gequält	verb	quälen	tortured	мучил
leung	name	Leung	Leung (name)	Люнг
verbot	noun	das Verbot	prohibition, ban	запрет
doreen	name	Doreen	Doreen (name)	Дорин
fckw	abbr	fckw	CFC, chlorofluorocarbon	ХФУ
rückgang	noun	der Rückgang	decline	спад
ukraine	name	Ukraine	Ukraine (place)	Украина
tschikatilos	name	Tschikatilos	Chikatilo (name)	Чикатило
blutgruppe	noun	die Blutgruppe	blood type	группа крови
dennis	name	Dennis	Dennis (name)	Денис
rader	name	Rader	Rader (name)	Радер
hinterlässt	verb	hinterlassen	leaves behind	оставляет
nutzen	verb	nutzen	use	использовать
konerak	name	Konerak	Konerak (name)	Конерак
höchste	adj	hoch	highest	высочайший
bereitete	verb	bereiten	prepared	подготовил
dokument	noun	das Dokument	document	документ
falls	conj	falls	if, in case	если
slobodin	name	Slobodin	Slobodin (name)	Слободин
ingenieur	noun	der Ingenieur	engineer	инженер
block	noun	der Block	block	блок
bären	noun	der Bär	bears	медведи
bekannte	noun	der Bekannte	acquaintance	знакомый
geheimen	adj	geheim	secret	секретный
nr	abbr	nr	no., number	номер
semjon	name	Semjon	Semyon (name)	Семён
osten	noun	der Osten	east	восток
ski	noun	der Ski	ski	лыжа
glaubten	verb	glauben	believed	верили
berge	noun	der Berg	mountains	горы
großer	adj	groß	large	большой
summte	verb	summen	hummed	гудел
loch	noun	das Loch	hole	отверстие
vorne	adv	vorne	in front	спереди
mütze	noun	die Mütze	cap, hat	шапка
streifen	verb	streifen	wander	бродить
scheiben	noun	die Scheibe	panes	стёкла
links	adv	links	left	влево
klopfte	verb	klopfen	knocked	постучал
bart	noun	der Bart	beard	борода
nord-siedlung	noun	die Nord-Siedlung	north settlement	северное поселение
gestört	adj	gestört	disturbed	нарушенный
stach	verb	stechen	stabbed	уколол
schmerzen	noun	der Schmerz	pain	боль
fahren	verb	fahren	drive, travel	ехать
überlebende	noun	der Überlebende	survivors	выжившие
warm	adj	warm	warm	тёплый
lautlos	adj	lautlos	silent	беззвучный
zweiter	adj	zweiter	second	второй
unseres	pron	unser	our	наш
dran	adv	dran	on it	на нём
geliehen	verb	leihen	borrowed	одолжил
änderte	verb	ändern	changed	изменил
nordwesten	noun	der Nordwesten	northwest	северо-запад
erschöpft	adj	erschöpft	exhausted	истощённый
jüngsten	adj	jung	youngest	самый молодой
zeltwand	noun	die Zeltwand	tent wall	стена палатки
wälder	noun	der Wald	forests	леса
sowjetische	adj	sowjetisch	Soviet	советский
demselben	pron	derselbe	the same	тот же
hinauf	adv	hinauf	upwards	вверх
höhe	noun	die Höhe	height	высота
eingang	noun	der Eingang	entrance	вход
dünne	adj	dünn	thin	тонкий
nieder	adv	nieder	down	вниз
schichten	noun	die Schicht	layers	слои
unterwäsche	noun	die Unterwäsche	underwear	нижнее белье
verzweifelt	adj	verzweifelt	desperate	отчаянный
rinde	noun	die Rinde	bark, rind	кора
stark	adj	stark	strong	сильный
spät	adv	spät	late	поздно
vergaß	verb	vergessen	forgot	забыл
michail	name	Michail	Mikhail (name)	Михаил
gefroren	verb	frieren	frozen	заморозил
größten	adj	groß	largest	самый большой
wänden	noun	die Wand	walls	стены
formular	noun	das Formular	form	форма
landete	verb	landen	landed	приземлился
beamter	noun	der Beamter	official	чиновник
gewohnt	verb	gewöhnen	accustomed	привык
führen	verb	führen	lead	вести
verletzt	verb	verletzen	injured	ранен
müsse	verb	müssen	must	должен
impulse	noun	der Impuls	impulses	импульсы
kleidungsstücke	noun	das Kleidungsstück	garments	одежда
abschlussbericht	noun	der Abschlussbericht	final report	заключительный отчёт
bekamen	verb	bekommen	received	получили
vollständige	adj	vollständig	complete	полный
geheimnis	noun	das Geheimnis	secret	секрет
lichter	noun	das Licht	lights	огни
oberen	adj	ober	upper	верхний
baut	verb	bauen	builds	строит
gerettet	verb	retten	saved	спасённый
zunge	noun	die Zunge	tongue	язык
nah	adj	nah	near	близко
gezeigt	verb	zeigen	shown	показал
schreibt	verb	schreiben	writes	пишет
dyatlov-foundation	name	Dyatlov-foundation	Dyatlov Foundation	Фонд Дятлова
regal	noun	das Regal	shelf	полка
busse	noun	der Bus	buses	автобусы
archive	noun	das Archiv	archives	архивы
kameraden	noun	der Kamerad	comrades	товарищи
kalten	adj	kalt	cold	холодный
stellvertretender	noun	der Stellvertretende	deputy	заместитель
archiv	noun	das Archiv	archive	архив
häufigsten	adj	häufig	most frequent	самый частый
pressekonferenz	noun	die Pressekonferenz	press conference	пресс-конференция
bewegte	verb	bewegen	moved	двигал
sozialen	adj	sozial	social	социальный
chef	noun	der Chef	boss, chef	начальник
rutscht	verb	rutschen	slides	скользит
deutschen	adj	deutsch	German	немецкий
entwickelt	verb	entwickeln	developed	развит
faktoren	noun	der Faktor	factors	факторы
communications	noun	die Communication	communications	коммуникации
punkte	noun	der Punkt	points	пункты
südlich	adj	südlich	southern	южный
verwandte	noun	der Verwandte	relatives	родственники
ankamen	verb	ankommen	arrived	прибыли
wachsen	verb	wachsen	grow	расти
dyatlovpass	name	Dyatlovpass	Dyatlov Pass (place)	Перевал Дятлова
s	abbr	s	S, south	Ю
html	abbr	html	HTML	HTML
times	noun	die Times	times	времена
dünn	adj	dünn	thin	тонкий
kennedy	name	Kennedy	Kennedy (name)	Кеннеди
nixon	name	Nixon	Nixon (name)	Никсон
städte	noun	die Stadt	cities	города
island	name	Island	Island (place)	Исланд
meistens	adv	meistens	mostly	в основном
meer	noun	das Meer	sea	море
grauer	adj	grau	grey	серый
heizung	noun	die Heizung	heating	отопление
nachbar	noun	der Nachbar	neighbor	сосед
jagte	verb	jagen	hunted	охотился
jugendliche	adj	jugendlich	youthful	молодёжный
faraday	name	Faraday	Faraday (name)	Фарадей
pacific	name	Pacific	Pacific (place)	Тихий океан
zunächst	adv	zunächst	first, initially	сначала
blocks	noun	der Block	blocks	блоки
restaurant	noun	das Restaurant	restaurant	ресторан
kaufen	verb	kaufen	buy	купить
streifenwagen	noun	der Streifenwagen	patrol car	патрульная машина
verband	noun	der Verband	association	ассоциация
ferrin	name	Ferrin	Ferrin (name)	Ферин
zweiundzwanzig	num	zweiundzwanzig	twenty-two	двадцать два
koch	noun	der Koch	cook, chef	повар
zettel	noun	der Zettel	note, slip	записка
zurückkam	verb	zurückkommen	came back	вернулся
mittelgroß	adj	mittelgroß	medium-sized	среднего размера
stämmig	adj	stämmig	sturdy, stocky	коренастый
police	noun	die Police	police	полиция
report	noun	der Report	report	отчёт
dienst	noun	der Dienst	service	служба
überein	adv	überein	in agreement	в согласии
senator	noun	der Senator	senator	сенатор
ermordeten	verb	ermorden	murdered	убил
schauspielerin	noun	die Schauspielerin	actress	актриса
musik	noun	die Musik	music	музыка
caf	noun	das Café	cafe	кафе
meinte	verb	meinen	meant	имел в виду
tinte	noun	die Tinte	ink	чернила
anrufe	noun	der Anruf	calls	звонки
wechselte	verb	wechseln	changed, switched	переключился
sacramento	name	Sacramento	Sacramento (place)	Сакраменто
naval	adj	naval	naval	военно-морской
chiffren	noun	die Chiffre	ciphers	шифры
department	noun	das Department	department	отдел
justice	noun	die Justice	justice	правосудие
analyse	noun	die Analyse	analysis	анализ
leser	noun	der Leser	reader	читатель
setzten	verb	setzen	set	установил
e	abbr	e	E	Е
is	abbr	is	is	это
paradies	noun	das Paradies	paradise	рай
vault	noun	das Vault	vault	хранилище
walla	name	Walla	Walla (place)	Валла
union	noun	die Union	union	союз
davor	adv	davor	before that	до этого
weißem	adj	weiß	white	белый
büchern	noun	das Buch	books	книги
bucht	noun	die Bucht	bay	залив
langes	adj	lang	long	длинный
zitterte	verb	zittern	trembled	дрожал
zögerte	verb	zögern	hesitated	колебался
euch	pron	euch	you	вас
wischte	verb	wischen	wiped	вытер
meilen	noun	die Meile	miles	мили
wisconsin	name	Wisconsin	Wisconsin (place)	Висконсин
sammelte	verb	sammeln	collected	собрал
beweise	noun	der Beweis	proofs	доказательства
sheriff's	name	Sheriff's	Sheriff's	Шерифа
gemeinsame	adj	gemeinsam	common, shared	общий
claudia	name	Claudia	Claudia (name)	Клаудия
geheiratet	verb	heiraten	married	женился
lehnte	verb	lehnen	leaned, declined	отклонил
vorn	adv	vorne	in front	спереди
durchsuchte	verb	durchsuchen	searched	обыскал
meldung	noun	die Meldung	report, news	сообщение
identifizieren	verb	identifizieren	identify	идентифицировать
östlich	adj	östlich	eastern	восточный
show	noun	die Show	show	представление
rathaus	noun	das Rathaus	town hall	ратуша
bill	noun	die Bill	bill	законопроект
weichen	verb	weichen	yield, soften	размягчиться
zugleich	adv	zugleich	at the same time	одновременно
prüfen	verb	prüfen	examine, test	проверить
passten	verb	passen	fit	подходили
zeichnung	noun	die Zeichnung	drawing	рисунок
schock	noun	der Schock	shock	шок
überhaupt	adv	überhaupt	at all	вообще
gast	noun	der Gast	guest	гость
live	adj	live	live	живой
versprach	verb	versprechen	promised	обещал
that	abbr	that	that	что
beherrschen	verb	beherrschen	master, control	овладеть
journalist	noun	der Journalist	journalist	журналист
gedruckt	verb	drucken	printed	напечатанный
bates	name	Bates	Bates (name)	Бейтс
reiste	verb	reisen	traveled	путешествовал
unterschrieben	verb	unterschreiben	signed	подписал
johns	name	Johns	Johns (name)	Джонса
geburt	noun	die Geburt	birth	рождение
wohnen	verb	wohnen	live, dwell	жить
highway	noun	der Highway	highway	шоссе
felder	noun	das Feld	fields	поля
leichten	adj	leicht	light	лёгкий
kniete	verb	knien	knelt	встал на колени
schwieg	verb	schweigen	was silent	молчал
frisch	adj	frisch	fresh	свежий
versteckte	verb	verstecken	hid	спрятал
phantombild	noun	das Phantombild	composite sketch	фоторобот
farbe	noun	die Farbe	color	цвет
lücken	noun	die Lücke	gaps	пробелы
erschoss	verb	erschießen	shot	застрелил
erzählung	noun	die Erzählung	story, account	рассказ
sekte	noun	die Sekte	sect, cult	секта
ermordete	noun	die Ermordete	murdered person	убитый
endete	verb	enden	ended	закончился
schluss	noun	der Schluss	conclusion, end	конец
besuchte	verb	besuchen	visited	посетил
packte	verb	packen	packed	упаковал
verdächtigen	noun	der Verdächtige	suspect	подозреваемый
gelebt	verb	leben	lived	жил
gespräch	noun	das Gespräch	conversation	разговор
zuverlässig	adj	zuverlässig	reliable	надёжный
handgelenk	noun	das Handgelenk	wrist	запястье
benutzen	verb	benutzen	use	использовать
gewinnen	verb	gewinnen	win, gain	выиграть
wichtigste	adj	wichtig	most important	самый важный
verglichen	verb	vergleichen	compared	сравнил
passt	verb	passen	fits	подходит
speichel	noun	der Speichel	saliva	слюна
internet	noun	das Internet	internet	интернет
jeweils	adv	jeweils	respectively, each	соответственно
knacken	verb	knacken	crack	треснуть
hunderte	noun	das Hundert	hundreds	сотни
research	noun	die Research	research	исследование
computer	noun	der Computer	computer	компьютер
liest	verb	lesen	reads	читает
englisch	noun	das Englisch	English	английский
unit	noun	die Unit	unit	подразделение
identifiziert	verb	identifizieren	identified	идентифицирован
gewusst	verb	wissen	known	знал
besonderes	noun	das Besondere	special thing	особенное
einrichtungen	noun	die Einrichtung	facilities	учреждения
programms	noun	das Programm	programs	программы
amtlichen	adj	amtlich	official	официальный
kommissionen	noun	die Kommission	commissions	комиссии
sekretärin	noun	die Sekretärin	secretary	секретарь
briefkasten	noun	der Briefkasten	mailbox	почтовый ящик
schuldig	adj	schuldig	guilty	виновный
drinnen	adv	drinnen	inside	внутри
tränen	noun	die Träne	tears	слёзы
lärm	noun	der Lärm	noise	шум
geländer	noun	das Geländer	railing	перила
gesetz	noun	das Gesetz	law	закон
endgültig	adv	endgültig	finally, definitely	окончательно
vorbereitung	noun	die Vorbereitung	preparation	подготовка
korea	name	Korea	Korea (place)	Корея
spazieren	verb	spazieren	stroll	прогуливаться
schreibmaschine	noun	die Schreibmaschine	typewriter	печатная машинка
vorgesetzter	noun	der Vorgesetzte	superior	начальник
zusammenhang	noun	der Zusammenhang	connection	связь
dach	noun	das Dach	roof	крыша
freundlichen	adj	freundlich	friendly	дружелюбный
professor	noun	der Professor	professor	профессор
gewählt	verb	wählen	chosen, elected	выбран
besuch	noun	der Besuch	visit	визит
desselben	pron	derselbe	the same	того же
stockwerk	noun	das Stockwerk	floor, story	этаж
gefangene	noun	der Gefangene	prisoner	заключённый
drogen	noun	die Droge	drugs	наркотики
geheimhaltung	noun	die Geheimhaltung	secrecy	секретность
forschungsstellen	noun	die Forschungsstelle	research institutes	научные учреждения
sechsten	adj	sechst	sixth	шестой
schien	verb	scheinen	seemed	казалось
hartwell	name	Hartwell	Hartwell (name)	Хартуэлл
sechsunddreißig	num	sechsunddreißig	thirty-six	тридцать шесть
saubere	adj	sauber	clean	чистый
krawatte	noun	die Krawatte	tie	галстук
besucher	noun	der Besucher	visitor	посетитель
unseren	pron	unser	our	наш
unterschrieb	verb	unterschreiben	signed	подписал
abgeholt	verb	abholen	picked up	забрал
langsame	adj	langsam	slow	медленный
flüssigkeit	noun	die Flüssigkeit	liquid	жидкость
reagiert	verb	reagieren	reacted	реагировал
tropfen	noun	der Tropfen	drop	капля
geliefert	verb	liefern	delivered	доставил
notiert	verb	notieren	noted	отметил
geholt	verb	holen	fetched	принёс
genauen	adj	genau	exact, precise	точный
fällt	verb	fallen	falls	падает
ansah	verb	ansehen	looked at	посмотрел
gelegt	verb	legen	laid	положил
dünnen	adj	dünn	thin	тонкий
ärzte	noun	der Arzt	doctors	врачи
winzige	adj	winzig	tiny	крошечный
karriere	noun	die Karriere	career	карьера
daraus	adv	daraus	from that	из этого
niemanden	pron	niemand	no one	никого
teppich	noun	der Teppich	carpet	ковёр
dahin	adv	dahin	to there	туда
besprechung	noun	die Besprechung	meeting	совещание
geschickt	verb	schicken	sent	отправил
punkt	noun	der Punkt	point, dot	точка
krise	noun	die Krise	crisis	кризис
untersuchungen	noun	die Untersuchung	investigations	расследования
benutzten	verb	benutzen	used	использовали
staatlichen	adj	staatlich	state	государственный
witwe	noun	die Witwe	widow	вдова
sinne	noun	der Sinn	sense	смысл
maine	name	Maine	Maine (place)	Мэйн
kontrolle	noun	die Kontrolle	control	контроль
klopfen	verb	klopfen	knock	стучать
pflicht	noun	die Pflicht	duty	долг
gewohnheit	noun	die Gewohnheit	habit	привычка
aktenraum	noun	der Aktenraum	file room	архивное помещение
achtundvierzig	num	achtundvierzig	forty-eight	сорок восемь
achtzehn	num	achtzehn	eighteen	восемнадцать
chemische	adj	chemisch	chemical	химический
deutlich	adv	deutlich	clearly	ясно
irgendeinem	pron	irgendein	some	какой-то
mittwoch	noun	der Mittwoch	Wednesday	среда
geführt	verb	führen	led, conducted	провел
ärztin	noun	die Ärztin	female doctor	врачница
papa	noun	der Papa	dad	папа
amerikas	noun	das Amerika	America's	Америка
grenze	noun	die Grenze	border	граница
richtete	verb	richten	directed	направил
ausschuss	noun	der Ausschuss	committee	комитет
church	noun	die Church	church	церковь
demokratie	noun	die Demokratie	democracy	демократия
bank	noun	die Bank	bank	банк
zusammensetzung	noun	die Zusammensetzung	composition	состав
behavioral	adj	behavioral	behavioral	поведенческий
rest	noun	der Rest	rest	отдых
schluck	noun	der Schluck	gulp, drink	глоток
verlassen	verb	verlassen	leave	покинуть
ausgesprochen	verb	aussprechen	pronounced	произнёс
anderem	noun	das Anderem	other	другое
mitbewohnerin	noun	die Mitbewohnerin	female roommate	соседка
verstehe	verb	verstehen	understand	понимать
herr	noun	der Herr	mister, sir	господин
walker	name	Walker	Walker (name)	Уокер
doktor	noun	der Doktor	doctor	доктор
tuch	noun	das Tuch	cloth, fabric	ткань
mischung	noun	die Mischung	mixture	смесь
großmutter	noun	die Großmutter	grandmother	бабушка
erster	adj	erster	first	первый
gerücht	noun	das Gerücht	rumor	слух
winzigen	adj	winzig	tiny	крошечный
ursachen	noun	die Ursache	causes	причины
vernachlässigung	noun	die Vernachlässigung	neglect	пренебрежение
serial	adj	serial	serial	серийный
achtzigerjahren	noun	die Achtzigerjahre	eighties	восьмидесятые годы
dramatisch	adj	dramatisch	dramatic	драматический
serienmördern	noun	der Serienmörder	serial killers	серийные убийцы
oregon	name	Oregon	Oregon (place)	Орегон
töteten	verb	töten	killed	убили
sechshundertzwanzig	num	sechshundertzwanzig	six hundred twenty	шестьсот двадцать
selbstkontrolle	noun	die Selbstkontrolle	self-control	самоконтроль
mountain	noun	der Mountain	mountain	гора
schließen	verb	schließen	close	закрыть
gemeinsam	adv	gemeinsam	together	вместе
technologie	noun	die Technologie	technology	технология
prägte	verb	prägen	shaped, coined	сформировал
ressler	name	Ressler	Ressler (name)	Рессле
stranger	noun	der Stranger	stranger	незнакомец
deutsche	adj	deutsch	German	немецкий
ehe	noun	die Ehe	marriage	брак
eins	num	eins	one	один
issaquah	name	Issaquah	Issaquah (place)	Иссакуа
denise	name	Denise	Denise (name)	Дениз
wählte	verb	wählen	chose	выбрал
beschädigt	adj	beschädigt	damaged	повреждённый
billig	adj	billig	cheap	дешёвый
quälte	verb	quälen	tormented	мучил
systematisch	adv	systematisch	systematically	систематически
herkunft	noun	die Herkunft	origin	происхождение
teenager	noun	der Teenager	teenager	подросток
johnnie	name	Johnnie	Johnnie (name)	Джонни
gebildet	adj	gebildet	educated	образованный
verkaufte	verb	verkaufen	sold	продал
komplett	adv	komplett	completely	полностью
ungeheuer	noun	das Ungeheuer	monster	чудовище
trifft	verb	treffen	hits, meets	попадает
handschellen	noun	die Handschelle	handcuffs	наручники
seil	noun	das Seil	rope	верёвка
benutzte	verb	benutzen	used	использовал
besitz	noun	der Besitz	possession	владение
kloepfer	name	Kloepfer	Kloepfer (name)	Клёпфер
beziehung	noun	die Beziehung	relationship	отношение
urlaub	noun	der Urlaub	vacation	отпуск
dorthin	adv	dorthin	there	туда
bibel	noun	die Bibel	Bible	библия
funktionierte	verb	funktionieren	functioned	функционировал
funktioniert	verb	funktionieren	functions	работает
überleben	verb	überleben	survive	выжить
douglas	name	Douglas	Douglas (name)	Дуглас
kemper	name	Kemper	Kemper (name)	Кемпер
wayne	name	Wayne	Wayne (name)	Вэйн
reichert	name	Reichert	Reichert (name)	Райхерт
sex	noun	der Sex	sex	секс
supermarkt	noun	der Supermarkt	supermarket	супермаркет
kirche	noun	die Kirche	church	церковь
hannibal	name	Hannibal	Hannibal (name)	Ганнибал
lämmer	noun	das Lamm	lambs	ягнята
harris	name	Harris	Harris (name)	Харрис
prison	noun	das Prison	prison	тюрьма
pornografie	noun	die Pornografie	pornography	порнография
wahre	adj	wahr	true	истинный
diane	name	Diane	Diane (name)	Диана
edwards	name	Edwards	Edwards (name)	Эдвардс
behandelt	verb	behandeln	treated	обращался
company	noun	die Company	company	компания
klagten	verb	klagen	complained	жаловались
weinen	verb	weinen	cry	плакать
ruston	name	Ruston	Ruston (place)	Растон
kalzium	noun	das Kalzium	calcium	кальций
unserer	pron	unser	our	наш
fühlt	verb	fühlen	feels	чувствует
einziges	adj	einzig	only	единственный
anwalt	noun	der Anwalt	lawyer	адвокат
rücksitz	noun	der Rücksitz	back seat	задний ряд
colorado	name	Colorado	Colorado (place)	Колорадо
haustür	noun	die Haustür	front door	входная дверь
mitgebracht	verb	mitbringen	brought along	принёс с собой
leach	name	Leach	Leach (name)	Лич
anziehung	noun	die Anziehung	attraction	привлечение
boone	name	Boone	Boone (place)	Бун
gestehen	verb	gestehen	confess	признаться
ermittlern	noun	der Ermittler	investigators	следователи
obwohl	conj	obwohl	although	хотя
gittern	verb	gittern	trembled	дрожал
zuckte	verb	zucken	twitched	вздрогнул
eben	adv	eben	just, lately	только что
weinten	verb	weinen	wept	плакали
detective	noun	der Detective	detective	детектив
kino	noun	das Kino	cinema	кино
sogenannten	adj	sogenannt	so-called	так называемый
asarco-kupferhütte	noun	die Asarco-Kupferhütte	Asarco copper smelter	медеплавильный завод Асарко
hass	noun	der Hass	hate	ненависть
kenworth	name	Kenworth	Kenworth (name)	Кеворт
dupont	name	Dupont	Dupont (name)	Дюпон
kügelchen	noun	die Kügel	pellets	гранулы
religiös	adj	religiös	religious	религиозный
matthew	name	Matthew	Matthew (name)	Матфей
weggelaufen	verb	weglaufen	ran away	убежал
nachdem	conj	nachdem	after	после
maschine	noun	die Maschine	machine	машина
speichelprobe	noun	die Speichelprobe	saliva sample	образец слюны
dawn	name	Dawn	Dawn (name)	Доун
colin	name	Colin	Colin (name)	Колин
bäcker	noun	der Bäcker	baker	пекарь
mordes	noun	der Mord	murder	убийство
palenik	name	Palenik	Palenik (name)	Паленик
angehörigen	noun	die Angehörige	family members	члены семьи
vergeben	verb	vergeben	forgive	прощать
ehefrau	noun	die Ehefrau	wife	жена
faulen	adj	faul	rotten	гнилой
historiker	noun	der Historiker	historian	историк
texas	name	Texas	Texas (place)	Техас
aufwuchsen	verb	aufwachsen	grew up	выросли
neunzig	num	neunzig	ninety	девяносто
salerno	name	Salerno	Salerno (place)	Салерно
tatort	noun	der Tatort	crime scene	место преступления
praxis	noun	die Praxis	practice	практика
toyota	name	Toyota	Toyota	Тойота
afis	abbr	afis	AFIS, automated fingerprint system	АФИС
aussprechen	verb	aussprechen	pronounce	произнести
hingerichtet	verb	hinrichten	executed	казнён
länder	noun	das Land	countries	страны
ethyl	noun	das Ethyl	ethyl	этил
vergifteten	verb	vergiften	poisoned	отравили
erfindung	noun	die Erfindung	invention	изобретение
ozonschicht	noun	die Ozonschicht	ozone layer	озоновый слой
statistik	noun	die Statistik	statistics	статистика
hoffnung	noun	die Hoffnung	hope	надежда
dreihundert	num	dreihundert	three hundred	триста
fabriken	noun	die Fabrik	factories	фабрики
dorf	noun	das Dorf	village	деревня
parteimitglied	noun	das Parteimitglied	party member	член партии
schachty	name	Schachty	Shachterskiy (place)	Шахтёрский
strafe	noun	die Strafe	punishment	наказание
grab	noun	das Grab	grave	могила
operation	noun	die Operation	operation	операция
reichen	verb	reichen	reach, suffice	хватать
lernen	verb	lernen	learn	учиться
lockte	verb	locken	lured	манил
buchanowski	name	Buchanowski	Buchanowski (name)	Бухановский
sechsundfünfzig	num	sechsundfünfzig	fifty-six	пятьдесят шесть
bitzewski-park	name	Bitzewski-park	Bitzevski Park (place)	Парк Бицевского
schachbrett	noun	das Schachbrett	chessboard	шахматная доска
popkow	name	Popkow	Popkov (name)	Попков
triade	noun	die Triade	triad	триада
trauma	noun	das Trauma	trauma	травма
aura	noun	die Aura	aura	аура
joseph	name	Joseph	Joseph (name)	Иосиф
ausstieg	noun	der Ausstieg	exit	выход
knarrten	verb	knarren	creaked	скрипели
kopie	noun	die Kopie	copy	копия
telegramm	noun	das Telegramm	telegram	телеграмма
plan	noun	der Plan	plan	план
lokomotive	noun	die Lokomotive	locomotive	локомотив
warmen	adj	warm	warm	тёплый
wolke	noun	die Wolke	cloud	облако
gesichtern	noun	das Gesicht	faces	лица
schlugen	verb	schlagen	beat	били
winkte	verb	winken	waved	помахал
funktechnik	noun	die Funktechnik	radio technology	радиотехника
roter	adj	rot	red	красный
blauer	adj	blau	blue	синий
schwarzer	adj	schwarz	black	чёрный
sinaida	name	Sinaida	Sinaida (name)	Синаида
rustem	name	Rustem	Rustem (name)	Рустем
viertes	adj	vierter	fourth	четвёртый
nikolai	name	Nikolai	Nikolai (name)	Николай
abschluss	noun	der Abschluss	completion, graduation	окончание
rot	adj	rot	red	красный
ludmila	name	Ludmila	Ludmila (name)	Людмила
jüngste	adj	jung	youngest	самый молодой
sachlich	adj	sachlich	factual, objective	объективный
postfach	noun	das Postfach	PO box	почтовый ящик
deutschland	name	Deutschland	Germany (place)	Германия
sascha	name	Sascha	Sasha (name)	Саша
jugend	noun	die Jugend	youth	молодёжь
eng	adj	eng	tight, narrow	узкий
gelb	adj	gelb	yellow	жёлтый
fährt	verb	fahren	drives	ездит
stalin	name	Stalin	Stalin (name)	Сталин
lager	noun	das Lager	camp	лагерь
russischer	adj	russisch	Russian	русский
lied	noun	das Lied	song	песня
kette	noun	die Kette	chain	цепь
ofen	noun	der Ofen	oven	печь
holzfäller	noun	der Holzfäller	woodcutter	лесоруб
dick	adj	dick	thick	толстый
bestätigen	verb	bestätigen	confirm	подтвердить
quartal	noun	das Quartal	quarter	квартал
bezirk	noun	der Bezirk	district	район
tannen	noun	die Tanne	fir trees	ели
suppe	noun	die Suppe	soup	суп
gespielt	verb	spielen	played	играл
grauem	adj	grau	grey	серый
wünschte	verb	wünschen	wished	желал
abschied	noun	der Abschied	goodbye	прощание
glück	noun	das Glück	luck, happiness	удача
schmerz	noun	der Schmerz	pain	боль
setzen	verb	setzen	set	установить
strich	noun	der Strich	line	линия
tasse	noun	die Tasse	cup	чашка
jackentasche	noun	die Jackentasche	jacket pocket	карман куртки
hintergrund	noun	der Hintergrund	background	фон
taiga	noun	die Taiga	taiga	тайга
atmung	noun	die Atmung	breathing	дыхание
schrei	noun	der Schrei	scream	крик
volk	noun	das Volk	people, nation	народ
gemeinsamen	adj	gemeinsam	common	общий
knapp	adv	knapp	scarcely	едва
labaz	noun	der Labaz	storage structure	хранилище
ausrüstung	noun	die Ausrüstung	equipment	оборудование
satirische	adj	satirisch	satirical	сатирический
wandzeitung	noun	die Wandzeitung	wall newspaper	стенная газета
yeti	noun	der Yeti	yeti	йети
kälte	noun	die Kälte	cold	холод
evakuiert	verb	evakuieren	evacuated	эвакуирован
offiziellen	adj	offiziell	official	официальный
dahinter	adv	dahinter	behind it	позади
toter	noun	der Toter	dead person	мёртвый
wächst	verb	wachsen	grows	растёт
wangen	noun	die Wange	cheeks	щёки
brannten	verb	brennen	burned	горели
entschied	verb	entscheiden	decided	решил
sicht	noun	die Sicht	sight	вид
soldaten	noun	der Soldat	soldiers	солдаты
gesteckt	verb	stecken	stuck	засунул
beil	noun	das Beil	axe	топор
ebenen	noun	die Ebene	plains	равнины
schnitte	noun	der Schnitt	cuts	срезы
schutz	noun	der Schutz	protection	защита
kampfspuren	noun	die Kampfspur	signs of struggle	следы борьбы
nass	adj	nass	wet	мокрый
kletterte	verb	klettern	climbed	лазил
bach	noun	der Bach	stream	ручей
schuhen	noun	der Schuh	shoes	туфли
organisierte	verb	organisieren	organized	организовал
dicker	adj	dick	thick	толстый
hubschrauber	noun	der Hubschrauber	helicopter	вертолёт
eingesetzt	verb	einsetzen	deployed	развернул
boris	name	Boris	Boris (name)	Борис
westen	noun	der Westen	west	запад
aufgehört	verb	aufhören	stopped	прекратил
zweige	noun	der Zweig	branches	ветви
abgelegt	verb	ablegen	laid down	положил
nackten	adj	nackt	naked	обнажённый
sätzen	noun	der Satz	sentences, sets	предложения
todesursache	noun	die Todesursache	cause of death	причина смерти
unterkühlung	noun	die Unterkühlung	hypothermia	переохлаждение
staatsanwaltschaft	noun	die Staatsanwaltschaft	prosecutor's office	прокуратура
ausgeschaltet	verb	ausschalten	turned off	отключил
vermisst	adj	vermisst	missing	пропал
leitete	verb	leiten	led, directed	руководил
gekleidet	verb	kleiden	clothed	одет
braunem	adj	braun	brown	коричневый
möglichkeiten	noun	die Möglichkeit	possibilities	возможности
umfasste	verb	umfassen	embraced, comprised	охватил
feuerkugeln	noun	die Feuerkugel	fireballs	огненные шары
gestrichen	verb	streichen	painted, struck	вычеркнул
radioaktivität	noun	die Radioaktivität	radioactivity	радиоактивность
kleidungsstücken	noun	das Kleidungsstück	garments	одежда
gewaschen	verb	waschen	washed	помывал
waschen	verb	waschen	wash	мыть
verschlossen	verb	verschließen	locked	закрыл
moderne	adj	modern	modern	современный
versteht	verb	verstehen	understands	понимает
leises	adj	leise	quiet	тихий
stammten	verb	stammen	came from	происходили
nadel	noun	die Nadel	needle	игла
vergleichbar	adj	vergleichbar	comparable	сопоставимый
verletzung	noun	die Verletzung	injury	ранение
lippen	noun	die Lippe	lips	губы
intakt	adj	intakt	intact	неповреждённый
flog	verb	fliegen	flew	летел
gräber	noun	das Grab	graves	могилы
polizeiwache	noun	die Polizeiwache	police station	полицейский участок
solikamsk	name	Solikamsk	Solikamsk (place)	Соликамск
fell	noun	das Fell	skin, fur	шкура
organisieren	verb	organisieren	organize	организовать
kränze	noun	der Kranz	wreaths	венки
legen	verb	legen	lay, put	положить
winkel	noun	der Winkel	angle, corner	угол
panik	noun	die Panik	panic	паника
verworfen	verb	verwerfen	rejected	отвергнул
wahrscheinlichste	adj	wahrscheinlich	most probable	наиболее вероятный
ursache	noun	die Ursache	cause	причина
schlechter	adj	schlecht	worse, bad	плохо
diente	verb	dienen	served	служил
snow	noun	der Snow	snow	снег
simulation	noun	die Simulation	simulation	имитация
epfl	name	Epfl	EPFL (place)	EPFL
korrekt	adj	korrekt	correct	правильный
gewöhnliche	adj	gewöhnlich	ordinary	обыкновенный
sand	noun	der Sand	sand	песок
festen	adj	fest	solid	твёрдый
obere	adj	ober	upper	верхний
steil	adj	steil	steep	крутой
ungefähr	adv	ungefähr	approximately	примерно
brustkorb	noun	der Brustkorb	ribcage	грудная клетка
slab	noun	die Slab	slab	плита
incident	noun	der Incident	incident	происшествие
plausible	adj	plausible	plausible	правдоподобный
bewiesen	verb	beweisen	proven	доказан
gesetzt	verb	setzen	set	установлен
kugeln	noun	die Kugel	bullets	пули
berichteten	verb	berichten	reported	сообщили
offenes	adj	offen	open	открытый
mitglieder	noun	das Mitglied	members	члены
späteren	adj	spät	later	более поздний
nächste	adj	nächster	next	следующий
f	abbr	f	F	F
news	noun	die News	news	новости
has	verb	has	has	имеет
solved	verb	solved	solved	решено
for	prep	for	for	для
history	noun	die History	history	история
haight-ashbury	name	Haight-ashbury	Haight-Ashbury (place)	Хейт-Ашбери
wahl	noun	die Wahl	choice, election	выбор
fern	adv	fern	far	далеко
rechtzeitig	adv	rechtzeitig	timely	своевременно
cola	noun	die Cola	cola	кола
lovers'	noun	die Lovers'	lovers'	любовников
lane	noun	die Lane	lane	переулок
feldern	noun	das Feld	fields	поля
pumpstation	noun	die Pumpstation	pump station	насосная станция
marion	name	Marion	Marion (place)	Мэрион
date	noun	das Date	date	дата
blumen	noun	die Blume	flowers	цветы
star	noun	der Star	star	звезда
lous	name	Lous	Lou's	Лу
bedeutete	verb	bedeuten	meant	означал
markt	noun	der Markt	market	рынок
unterwegs	adv	unterwegs	on the way	в пути
stoppte	verb	stoppen	stopped	остановился
kalter	adj	kalt	cold	холодный
schüsse	noun	der Schuss	shots	выстрелы
fielen	verb	fallen	fell	упали
sheriff	noun	der Sheriff	sheriff	шериф
erfahrener	adj	erfahren	experienced	опытный
sicherte	verb	sichern	secured	обезопасил
motiv	noun	das Motiv	motive	мотив
reporter	noun	der Reporter	reporter	репортер
herzen	noun	das Herz	hearts	сердца
terry's	name	Terry's	Terry's	Терри
einkaufen	verb	einkaufen	buy, shop	покупать
beiseite	adv	beiseite	aside	в сторону
mageau	name	Mageau	Mageau (name)	Мажо
mitternacht	noun	die Mitternacht	midnight	полночь
taschenlampe	noun	die Taschenlampe	flashlight	фонарик
leuchtete	verb	leuchten	shone, glowed	светил
nancy	name	Nancy	Nancy (name)	Нэнси
murder	noun	der Murder	murder	убийство
one	num	one	one	один
kids	noun	die Kids	kids	дети
millimeter	noun	der Millimeter	millimeter	миллиметр
anrufer	noun	der Anrufer	caller	звонящий
verbunden	verb	verbinden	connected	соединил
teich	noun	der Teich	pond	пруд
fernsehern	noun	der Fernseher	TVs	телевизоры
cielo	name	Cielo	Cielo (place)	Сиело
drive	noun	der Drive	drive	привод
labianca	name	Labianca	LaBianca (name)	ЛаБиансы
tresen	noun	der Tresen	bar counter	барная стойка
area	noun	die Area	area	область
heiß	adj	heiß	hot	горячий
öffneten	verb	öffnen	opened	открыли
ähnliche	adj	ähnlich	similar	похожий
center	noun	das Center	center	центр
briefmarken	noun	die Briefmarke	stamps	марки
umschlägen	noun	der Umschlag	envelopes	конверты
oberste	adj	oberst	topmost	верхний
california	name	California	California (place)	Калифорния
marine	noun	die Marine	marine	морская
spezialisten	noun	der Spezialist	specialists	специалисты
freunden	noun	der Freund	friends	друзья
wache	noun	die Wache	guard, watch	стража
kill	verb	kill	kill	убить
killing	noun	das Killing	killing	убийство
englische	adj	englisch	English	английский
entstehen	verb	entstehen	arise, form	возникать
mag	verb	mögen	like, may	может, нравится
wich	verb	weichen	yield	поддаться
lust	noun	die Lust	desire, lust	желание
not	abbr	not	not	нет
my	pron	my	my	мой
gitter	noun	das Gitter	grill, bars	решётка
meiner	pron	mein	my	мой
entschlüsselt	verb	entschlüsseln	decrypted	расшифровал
beamte	noun	der Beamte	official	чиновник
geknackt	verb	knacken	cracked	взломал
schwimmen	verb	schwimmen	swim	плавать
shepard	name	Shepard	Shepard (name)	Шепард
bryans	name	Bryans	Bryan's	Брайана
zufällig	adv	zufällig	by chance	случайно
karmann	name	Karmann	Karmann (name)	Карманн
ghia	name	Ghia	Ghia (name)	Гиа
kofferraum	noun	der Kofferraum	trunk	багажник
westlichen	adj	westlich	western	западный
wiese	noun	die Wiese	meadow	луг
henker	noun	der Henker	executioner	палач
binden	verb	binden	bind	привязать
erschießen	verb	erschießen	shoot	застрелить
flüsterte	verb	flüstern	whispered	прошептал
